<application>
  <component name="ProjectManager">
    <defaultProject>
      <component name="DefaultGradleProjectSettings">
        <option name="isMigrated" value="true" />
      </component>
      <component name="GradleLocalSettings">
        <option name="modificationStamps">
          <map>
            <entry key="C:/Projects/Infralert/infralert-app" value="2969658157954" />
            <entry key="C:/Projects/VMCCMSAdmin" value="1485794248307" />
            <entry key="C:/Projects/voyagermoinscher.com/VMCPriceCheckerAdmin" value="2951593074920" />
            <entry key="$USER_HOME$/Desktop/dashboard-service" value="1484727380000" />
            <entry key="$USER_HOME$/Desktop/demo" value="1484039318000" />
            <entry key="$USER_HOME$/Documents/workspace-sts/demo-spring-boot" value="1479931887894" />
          </map>
        </option>
        <option name="projectSyncType">
          <map>
            <entry key="C:/Projects/CommonPDFGenerator" value="PREVIEW" />
            <entry key="C:/Projects/CustomsProject/ClareCommonData" value="PREVIEW" />
            <entry key="C:/Projects/CustomsProject/ClareCommons" value="PREVIEW" />
            <entry key="C:/Projects/CustomsProject/ClareUsers" value="PREVIEW" />
            <entry key="C:/Projects/CustomsProject/ComponentStarter" value="PREVIEW" />
            <entry key="C:/Projects/CustomsProject/CoreData/core-data" value="PREVIEW" />
            <entry key="C:/Projects/CustomsProject/Customs-Core" value="PREVIEW" />
            <entry key="C:/Projects/CustomsProject/Dashboard" value="PREVIEW" />
            <entry key="C:/Projects/CustomsProject/JavaGradleAngularStarter" value="PREVIEW" />
            <entry key="C:/Projects/CustomsProject/PaymentSolutions/payment-solutions-project" value="PREVIEW" />
            <entry key="C:/Projects/CustomsProject/SolutionsDashboard/solution-dashboard-project" value="PREVIEW" />
            <entry key="C:/Projects/CustomsProject/SolutionsDashboard/solutions-server" value="PREVIEW" />
            <entry key="C:/Projects/EurologWeb/eurologweb-server" value="PREVIEW" />
            <entry key="C:/Projects/GigaJAVA" value="PREVIEW" />
            <entry key="C:/Projects/GigaJAVA/GigaJAVA-migration" value="PREVIEW" />
            <entry key="C:/Projects/GigaJAVA/GigaJAVA-server" value="PREVIEW" />
            <entry key="C:/Projects/Infralert/infralert-app" value="PREVIEW" />
            <entry key="C:/Projects/Invoice/invoiceportal/invoice-portal-server" value="PREVIEW" />
            <entry key="C:/Projects/VSR" value="PREVIEW" />
            <entry key="C:/Projects/VSR_old/VSR" value="PREVIEW" />
            <entry key="C:/Projects/ccd/ccd-server" value="PREVIEW" />
            <entry key="C:/Projects/customrs/customrs-app" value="PREVIEW" />
            <entry key="C:/Projects/java8-maven/java_examples/kotlin/CoroutineMagic" value="PREVIEW" />
            <entry key="C:/Projects/java8-maven/java_examples/kotlin/ExposedSample" value="PREVIEW" />
            <entry key="C:/Projects/java8-maven/java_examples/kotlin/PetApp" value="PREVIEW" />
            <entry key="C:/Projects/java8-maven/java_examples/kotlin/webflux-thymeleaf" value="PREVIEW" />
            <entry key="C:/Projects/minimo/minimo-app" value="PREVIEW" />
            <entry key="C:/Projects/td-praktiker-sap-interface/pilot/TdPraktikerSAPProject" value="PREVIEW" />
            <entry key="$USER_HOME$/Desktop/ExposedSample" value="PREVIEW" />
            <entry key="$USER_HOME$/Desktop/PetApp" value="PREVIEW" />
            <entry key="$USER_HOME$/Desktop/demo" value="PREVIEW" />
            <entry key="$USER_HOME$/Desktop/test" value="PREVIEW" />
          </map>
        </option>
      </component>
      <component name="NodePackageJsonFileManager">
        <packageJsonPaths />
      </component>
      <component name="ProjectRootManager" version="2" languageLevel="JDK_1_3" />
      <component name="PropertiesComponent">
        <property name="nodejs_interpreter_path.stuck_in_default_project" value="undefined stuck path" />
        <property name="nodejs_npm_path_reset_for_default_project" value="true" />
      </component>
      <component name="RunManager">
        <configuration default="true" type="Applet">
          <option name="POLICY_FILE" value="$APPLICATION_HOME_DIR$/bin/appletviewer.policy" />
          <method v="2">
            <option name="Make" enabled="true" />
          </method>
        </configuration>
        <configuration default="true" type="Application" factoryName="Application">
          <option name="WORKING_DIRECTORY" value="$PROJECT_DIR$" />
          <method v="2">
            <option name="Make" enabled="true" />
          </method>
        </configuration>
        <configuration default="true" type="JUnit" factoryName="JUnit">
          <option name="TEST_OBJECT" value="class" />
          <option name="WORKING_DIRECTORY" value="$MODULE_DIR$" />
          <method v="2">
            <option name="Make" enabled="true" />
          </method>
        </configuration>
        <configuration default="true" type="TestNG">
          <option name="TEST_OBJECT" value="CLASS" />
          <option name="WORKING_DIRECTORY" value="$MODULE_DIR$" />
          <properties />
          <listeners />
          <method v="2">
            <option name="Make" enabled="true" />
          </method>
        </configuration>
        <configuration default="true" type="#org.jetbrains.idea.devkit.run.PluginConfigurationType">
          <module name="" />
          <option name="VM_PARAMETERS" value="-Xmx512m -Xms256m -XX:MaxPermSize=250m -ea" />
          <option name="PROGRAM_PARAMETERS" />
          <predefined_log_file enabled="true" id="idea.log" />
          <method v="2">
            <option name="Make" enabled="true" />
          </method>
        </configuration>
      </component>
      <component name="masterDetails">
        <states>
          <state key="ProjectJDKs.UI">
            <settings>
              <last-edited>1.8</last-edited>
              <splitter-proportions>
                <option name="proportions">
                  <list>
                    <option value="0.2" />
                  </list>
                </option>
              </splitter-proportions>
            </settings>
          </state>
        </states>
      </component>
    </defaultProject>
  </component>
</application>