<application>
  <component name="LocalDatabaseDriverManager" version="201">
    <driver id="sqlserver.jb" dialect="AZURE" />
    <driver id="sqlserver.ms">
      <url-template name="Azure" template="jdbc:sqlserver://{host:ssrp_host:localhost}[\\{instance:ssrp_instance}][:{port:ssrp_port}][/{account:az_sqlserver_server}?][;&lt;;,user[Name]={user:param},password={password:param},database[Name]={database},{:identifier}={:param}&gt;];?" />
    </driver>
    <driver id="azure.ms">
      <url-template name="Azure" template="jdbc:sqlserver://{host:host_ipv6:server.database.windows.net}[:{port::1433}][/{account:az_sqlserver_server}?][;&lt;;,user[Name]={user:param},password={password:param},database[Name]={database},{:identifier}={:param}&gt;];?" />
    </driver>
    <driver id="mysql.8">
      <url-template name="Azure" template="jdbc:mysql://{host::localhost}?[:{port::3306}][/{database}?][/{account:az_mysql_server}?][\?&lt;&amp;,user={user},password={password},{:identifier}={:param}&gt;]" />
      <artifact id="MySQL Connector/J 8" name="MySQL Connector/J 8" use="true" />
    </driver>
    <driver id="postgresql">
      <url-template name="Azure" template="jdbc:postgresql://[{host::localhost}[:{port::5432}]][/{database:database/[^?]+:postgres}?][/{account:az_postgre_server}?][\?&lt;&amp;,user={user:param},password={password:param},{:identifier}={:param}&gt;]" />
      <artifact id="PostgreSQL" name="PostgreSQL" use="true" version="42.2.5" />
    </driver>
  </component>
</application>