<application>
  <component name="GeneralSettings">
    <option name="showTipsOnStartup" value="false" />
    <option name="reopenLastProject" value="false" />
    <option name="confirmExit" value="false" />
    <option name="confirmOpenNewProject2" value="-1" />
  </component>
  <component name="Registry">
    <entry key="ide.win.frame.decoration" value="true" />
    <entry key="use.tabbed.welcome.screen" value="false" />
    <entry key="ide.new.project.model" value="false" />
    <entry key="ide.mac.bigsur.window.with.tabs.enabled" value="false" />
    <entry key="ide.tree.expand.navigatable.on.double.click.disabled" value="true" />
    <entry key="ide.experimental.ui" value="true" />
    <entry key="java.completion.argument.hints.internal" value="false" />
    <entry key="ide.svg.icon" value="true" />
    <entry key="rider.enable.designer.winForms" value="false" />
    <entry key="terminal.new.ui" value="true" />
  </component>
</application>