<application>
  <component name="ProjectManager">
    <defaultProject>
      <component name="Encoding" addBOMForNewFiles="with BOM under Windows, with no BOM otherwise" />
      <component name="PropertiesComponent">{
  &quot;keyToString&quot;: {
    &quot;settings.editor.selected.configurable&quot;: &quot;preferences.pluginManager&quot;
  }
}</component>
      <component name="WindowStateProjectService">
        <state x="559" y="162" key="#com.intellij.openapi.updateSettings.impl.PluginUpdateInfoDialog" timestamp="1744855321481">
          <screen x="0" y="25" width="1920" height="979" />
        </state>
        <state x="559" y="162" key="#com.intellij.openapi.updateSettings.impl.PluginUpdateInfoDialog/1920.117.1440.875/0.25.1920.979" timestamp="1744855321481" />
        <state x="559" y="162" key="#com.intellij.openapi.updateSettings.impl.PluginUpdateInfoDialog/1920.117.1440.875/0.25.1920.981" timestamp="1744016704063" />
        <state x="510" y="122" key="Rider.NewProjectDialog.Size" timestamp="1738057524586">
          <screen x="0" y="25" width="1920" height="979" />
        </state>
        <state x="510" y="122" key="Rider.NewProjectDialog.Size/1920.117.1440.875/0.25.1920.979" timestamp="1738057524586" />
        <state x="469" y="100" key="SettingsEditor" timestamp="1744855725800">
          <screen x="0" y="25" width="1920" height="977" />
        </state>
        <state x="469" y="100" key="SettingsEditor/1920.117.1440.875/0.25.1920.975" timestamp="1737252684901" />
        <state x="469" y="100" key="SettingsEditor/1920.117.1440.875/0.25.1920.977" timestamp="1744855725800" />
        <state x="469" y="100" key="SettingsEditor/1920.117.1440.875/0.25.1920.979" timestamp="1738057459015" />
      </component>
    </defaultProject>
  </component>
</application>