<application>
  <component name="ProjectManager">
    <defaultProject>
      <component name="Encoding" addBOMForNewFiles="with BOM under Windows, with no BOM otherwise" />
      <component name="PropertiesComponent">{
  &quot;keyToString&quot;: {
    &quot;settings.editor.selected.configurable&quot;: &quot;preferences.pluginManager&quot;
  }
}</component>
      <component name="WindowStateProjectService">
        <state x="748" y="227" key="FileChooserDialogImpl" timestamp="1706055479747">
          <screen x="0" y="25" width="1920" height="978" />
        </state>
        <state x="748" y="227" key="FileChooserDialogImpl/1920.117.1440.875/0.25.1920.978" timestamp="1706055479747" />
        <state x="560" y="218" key="Rider.ProjectTemplateDialog.Size" timestamp="1706055515761">
          <screen x="0" y="25" width="1920" height="978" />
        </state>
        <state x="560" y="218" key="Rider.ProjectTemplateDialog.Size/1920.117.1440.875/0.25.1920.977" timestamp="1700399753346" />
        <state x="560" y="218" key="Rider.ProjectTemplateDialog.Size/1920.117.1440.875/0.25.1920.978" timestamp="1706055515761" />
        <state x="469" y="125" key="SettingsEditor" timestamp="1707607363728">
          <screen x="0" y="25" width="1920" height="978" />
        </state>
        <state x="469" y="125" key="SettingsEditor/1920.117.1440.875/0.25.1920.977" timestamp="1699496748233" />
        <state x="469" y="125" key="SettingsEditor/1920.117.1440.875/0.25.1920.978" timestamp="1707607363728" />
      </component>
    </defaultProject>
  </component>
</application>