<application>
  <component name="ProjectManager">
    <defaultProject>
      <component name="Encoding" addBOMForNewFiles="with BOM under Windows, with no BOM otherwise" />
      <component name="PropertiesComponent"><![CDATA[{
  "keyToString": {
    "settings.editor.selected.configurable": "preferences.lookFeel"
  }
}]]></component>
      <component name="WindowStateProjectService">
        <state x="469" y="123" key="SettingsEditor" timestamp="1678705738275">
          <screen x="0" y="25" width="1920" height="975" />
        </state>
        <state x="469" y="123" key="SettingsEditor/1920.113.1440.875/0.25.1920.975" timestamp="1678705738275" />
      </component>
    </defaultProject>
  </component>
</application>