<application>
  <component name="ProjectManager">
    <defaultProject>
      <component name="Encoding" addBOMForNewFiles="with BOM under Windows, with no BOM otherwise" />
      <component name="PropertiesComponent">{
  &quot;keyToString&quot;: {
    &quot;settings.editor.selected.configurable&quot;: &quot;preferences.lookFeel&quot;
  }
}</component>
      <component name="WindowStateProjectService">
        <state x="560" y="217" key="Rider.ProjectTemplateDialog.Size" timestamp="1687778906910">
          <screen x="0" y="25" width="1920" height="975" />
        </state>
        <state x="560" y="217" key="Rider.ProjectTemplateDialog.Size/1920.117.1440.875/0.25.1920.975" timestamp="1687778906910" />
      </component>
    </defaultProject>
  </component>
</application>