<application>
  <component name="SonarLintGlobalSettings">
    <option name="rulesByKey">
      <map>
        <entry key="csharpsquid:S125">
          <value>
            <Rule active="false" key="csharpsquid:S125" />
          </value>
        </entry>
      </map>
    </option>
    <option name="secretsNeverBeenAnalysed" value="false" />
    <option name="sonarQubeServers">
      <list>
        <SonarQubeServer>
          <option name="hostUrl" value="https://sonarcloud.io" />
          <token>df9cdf98dfcfdf93df93df9adf9cdfcedfc9df9bdf9cdfc8df93df9edf92df9fdf9bdf9edf9fdf98df93dfcbdfcedfc8dfcfdf9fdfcfdf92df98dfc8df93df9adf9fdf93df9edf93dfc8df9bdf92df9e</token>
          <option name="name" value="SMP Sonarcloud" />
          <organizationKey>smp-solutions-zrt</organizationKey>
        </SonarQubeServer>
      </list>
    </option>
    <rules>
      <Rule active="false" key="csharpsquid:S125" />
    </rules>
  </component>
</application>