<application>
  <component name="Trusted.Paths">
    <option name="TRUSTED_PROJECT_PATHS">
      <map>
        <entry key="$USER_HOME$/Projects/BEK_POC/src" value="true" />
        <entry key="$USER_HOME$/Projects/BEK_POC/src/.idea/.idea.MedicalBotFlow" value="true" />
        <entry key="$USER_HOME$/Projects/Mobile/src/Mobile.Localization" value="true" />
        <entry key="$USER_HOME$/Projects/Mobile/src/Mobile.Localization/.idea/.idea.Mobile.Localization" value="true" />
        <entry key="$USER_HOME$/Projects/SMP.AI.Gateway/src" value="true" />
        <entry key="$USER_HOME$/Projects/SMP.AI.Gateway/src/.idea/.idea.SMP.AI.Gateway" value="true" />
        <entry key="$USER_HOME$/Projects/SMP.Api.Response/src" value="true" />
        <entry key="$USER_HOME$/Projects/SMP.Api.Response/src/.idea/.idea.SMP.Api.Response" value="true" />
        <entry key="$USER_HOME$/Projects/SMP.BEK.Infra/src" value="true" />
        <entry key="$USER_HOME$/Projects/SMP.BEK.Infra/src/.idea/.idea.SMP.BEK.Infra" value="true" />
        <entry key="$USER_HOME$/Projects/SMP.BEK.Infra/src/.idea/.idea.SMP.Soffie.Producation.Configuration" value="true" />
        <entry key="$USER_HOME$/Projects/SMP.BEK.Mobile.NotificationService/src" value="true" />
        <entry key="$USER_HOME$/Projects/SMP.BEK.Mobile.ProfileService/src" value="true" />
        <entry key="$USER_HOME$/Projects/SMP.DependencyInjection/src" value="true" />
        <entry key="$USER_HOME$/Projects/SMP.Flutter.ArtifactRepository/src" value="true" />
        <entry key="$USER_HOME$/Projects/SMP.Flutter.ArtifactRepository/src/.idea/.idea.SMP.Flutter.ArtifactRepository" value="true" />
        <entry key="$USER_HOME$/Projects/SMP.Flutter.ArtifactRepository/src/SMP.Flutter.ArtifactRepository" value="true" />
        <entry key="$USER_HOME$/Projects/SMP.GeoJson/src" value="true" />
        <entry key="$USER_HOME$/Projects/SMP.Localization/src" value="true" />
        <entry key="$USER_HOME$/Projects/SMP.Localization/src/.idea/.idea.SMP.Localization" value="true" />
        <entry key="$USER_HOME$/Projects/SMP.Localization/src/SMP.Localization" value="true" />
        <entry key="$USER_HOME$/Projects/SMP.LogCollector/src" value="true" />
        <entry key="$USER_HOME$/Projects/SMP.LogCollector/src/.idea/.idea.SMP.LogCollector" value="true" />
        <entry key="$USER_HOME$/Projects/SMP.Logger/src" value="true" />
        <entry key="$USER_HOME$/Projects/SMP.Logger/src/.idea/.idea.SMP.Logger" value="true" />
        <entry key="$USER_HOME$/Projects/SMP.Repository/src" value="true" />
        <entry key="$USER_HOME$/Projects/SMP.Repository/src/.idea/.idea.SMP.Repository" value="true" />
        <entry key="$USER_HOME$/Projects/SMP.SBMS.AiNavigation/src" value="true" />
        <entry key="$USER_HOME$/Projects/SMP.SBMS.AiNavigation/src/.idea/.idea.SMP.SBMS.AiNavigation" value="true" />
        <entry key="$USER_HOME$/Projects/SMP.SBMS.Calendar/src" value="true" />
        <entry key="$USER_HOME$/Projects/SMP.SBMS.Calendar/src/.idea/.idea.SMP.SBMS.Calendar" value="true" />
        <entry key="$USER_HOME$/Projects/SMP.SBMS.Configuration/src" value="true" />
        <entry key="$USER_HOME$/Projects/SMP.SBMS.Configuration/src/.idea/.idea.SMP.SBMS.Configuration" value="true" />
        <entry key="$USER_HOME$/Projects/SMP.SBMS.Data.Base/src" value="true" />
        <entry key="$USER_HOME$/Projects/SMP.SBMS.Data.Base/src/.idea/.idea.SMP.SBMS.Data.Base" value="true" />
        <entry key="$USER_HOME$/Projects/SMP.SBMS.EWSAdapter/src" value="true" />
        <entry key="$USER_HOME$/Projects/SMP.SBMS.EWSAdapter/src/.idea/.idea.SMP.SBMS.EWSAdapter" value="true" />
        <entry key="$USER_HOME$/Projects/SMP.SBMS.Faq/src" value="true" />
        <entry key="$USER_HOME$/Projects/SMP.SBMS.Faq/src/.idea/.idea.SMP.SBMS.Faq" value="true" />
        <entry key="$USER_HOME$/Projects/SMP.SBMS.Floorplan.Web/src" value="true" />
        <entry key="$USER_HOME$/Projects/SMP.SBMS.Floorplan.Web/src/.idea/.idea.SMP.SBMS.Floorplan.Web" value="true" />
        <entry key="$USER_HOME$/Projects/SMP.SBMS.Floorplan/src" value="true" />
        <entry key="$USER_HOME$/Projects/SMP.SBMS.Floorplan/src/.idea/.idea.SMP.SBMS.Floorplan" value="true" />
        <entry key="$USER_HOME$/Projects/SMP.SBMS.IdentityServer/src" value="true" />
        <entry key="$USER_HOME$/Projects/SMP.SBMS.IdentityServer/src/.idea/.idea.SMP.SBMS.IdentityServer" value="true" />
        <entry key="$USER_HOME$/Projects/SMP.SBMS.Localization/src" value="true" />
        <entry key="$USER_HOME$/Projects/SMP.SBMS.Localization/src/.idea/.idea.SMP.SBMS.Localization" value="true" />
        <entry key="$USER_HOME$/Projects/SMP.SBMS.MeetingRoom/src" value="true" />
        <entry key="$USER_HOME$/Projects/SMP.SBMS.MeetingRoom/src/.idea/.idea.SMP.SBMS.MeetingRoom" value="true" />
        <entry key="$USER_HOME$/Projects/SMP.SBMS.MicrosoftGraphAdapter/src" value="true" />
        <entry key="$USER_HOME$/Projects/SMP.SBMS.MicrosoftGraphAdapter/src/.idea/.idea.SMP.SBMS.MicrosoftGraphAdapter" value="true" />
        <entry key="$USER_HOME$/Projects/SMP.SBMS.Mobile.ApiGateway/src" value="true" />
        <entry key="$USER_HOME$/Projects/SMP.SBMS.Mobile.ApiGateway/src/.idea/.idea.SMP.SBMS.Mobile.ApiGateway" value="true" />
        <entry key="$USER_HOME$/Projects/SMP.SBMS.NotificationService/src" value="true" />
        <entry key="$USER_HOME$/Projects/SMP.SBMS.NotificationService/src/.idea/.idea.SMP.SBMS.NotificationService" value="true" />
        <entry key="$USER_HOME$/Projects/SMP.SBMS.Person/src" value="true" />
        <entry key="$USER_HOME$/Projects/SMP.SBMS.Person/src/.idea/.idea.SMP.SBMS.Person" value="true" />
        <entry key="$USER_HOME$/Projects/SMP.SBMS.PrinterService/src" value="true" />
        <entry key="$USER_HOME$/Projects/SMP.SBMS.Privacy/src" value="true" />
        <entry key="$USER_HOME$/Projects/SMP.SBMS.Scheduler/src" value="true" />
        <entry key="$USER_HOME$/Projects/SMP.SBMS.SmartParking/src" value="true" />
        <entry key="$USER_HOME$/Projects/SMP.SBMS.SmartParking/src/.idea/.idea.SMP.SBMS.SmartParking" value="true" />
        <entry key="$USER_HOME$/Projects/SMP.SBMS.Storage/src" value="true" />
        <entry key="$USER_HOME$/Projects/SMP.SBMS.Storage/src/.idea/.idea.SMP.SBMS.Storage" value="true" />
        <entry key="$USER_HOME$/Projects/SMP.SBMS.UserProfile/src" value="true" />
        <entry key="$USER_HOME$/Projects/SMP.SBMS.Utilities/src" value="true" />
        <entry key="$USER_HOME$/Projects/SMP.SBMS.Utilities/src/.idea/.idea.SMP.SBMS.Utilities" value="true" />
        <entry key="$USER_HOME$/Projects/SMP.Soffie.ARM/src" value="true" />
        <entry key="$USER_HOME$/Projects/SMP.Soffie.ARM/src/.idea/.idea.SMP.Soffie.ARM" value="true" />
        <entry key="$USER_HOME$/Projects/SMP.Soffie.Access.Registration/src" value="true" />
        <entry key="$USER_HOME$/Projects/SMP.Soffie.Access.Registration/src/.idea/.idea.SMP.Soffie.Access.Registration" value="true" />
        <entry key="$USER_HOME$/Projects/SMP.Soffie.Definition/src" value="true" />
        <entry key="$USER_HOME$/Projects/SMP.Soffie.Definition/src/.idea/.idea.SMP.Soffie.Definition" value="true" />
        <entry key="$USER_HOME$/Projects/SMP.Soffie.DefinitionModel/src" value="true" />
        <entry key="$USER_HOME$/Projects/SMP.Soffie.DeskManager/src" value="true" />
        <entry key="$USER_HOME$/Projects/SMP.Soffie.DeskManager/src/.idea/.idea.SMP.Soffie.DeskManager" value="true" />
        <entry key="$USER_HOME$/Projects/SMP.Soffie.DynamicLocalization/src" value="true" />
        <entry key="$USER_HOME$/Projects/SMP.Soffie.DynamicLocalization/src/.idea/.idea.SMP.Soffie.DynamicLocalization" value="true" />
        <entry key="$USER_HOME$/Projects/SMP.Soffie.FloorplanMessaging/src" value="true" />
        <entry key="$USER_HOME$/Projects/SMP.Soffie.GeoData/src" value="true" />
        <entry key="$USER_HOME$/Projects/SMP.Soffie.GeoData/src/.idea/.idea.SMP.Soffie.GeoData" value="true" />
        <entry key="$USER_HOME$/Projects/SMP.Soffie.LandingPage/src" value="true" />
        <entry key="$USER_HOME$/Projects/SMP.Soffie.LandingPage/src/.idea/.idea.SMP.Soffie.LandingPage" value="true" />
        <entry key="$USER_HOME$/Projects/SMP.Soffie.Location/src" value="true" />
        <entry key="$USER_HOME$/Projects/SMP.Soffie.Location/src/.idea/.idea.SMP.Soffie.Location" value="true" />
        <entry key="$USER_HOME$/Projects/SMP.Soffie.MapImport/src" value="true" />
        <entry key="$USER_HOME$/Projects/SMP.Soffie.MapImport/src/.idea/.idea.SMP.Soffie.MapImport" value="true" />
        <entry key="$USER_HOME$/Projects/SMP.Soffie.Overparking/src" value="true" />
        <entry key="$USER_HOME$/Projects/SMP.Soffie.ParkingSpotBooking/src" value="true" />
        <entry key="$USER_HOME$/Projects/SMP.Soffie.Producation.Configuration/src" value="true" />
        <entry key="$USER_HOME$/Projects/SMP.Soffie.Producation.Configuration/src/.idea/.idea.SMP.Soffie.Producation.Configuration" value="true" />
        <entry key="$USER_HOME$/Projects/SMP.Soffie.Production.Configuration/src" value="true" />
        <entry key="$USER_HOME$/Projects/SMP.Soffie.Production.Configuration/src/.idea/.idea.SMP.Soffie.Producation.Configuration" value="true" />
        <entry key="$USER_HOME$/Projects/SMP.Soffie.Rating/src" value="true" />
        <entry key="$USER_HOME$/Projects/SMP.Soffie.Reels/src" value="true" />
        <entry key="$USER_HOME$/Projects/SMP.Soffie.Reels/src/.idea/.idea.SMP.Soffie.Reels" value="true" />
        <entry key="$USER_HOME$/Projects/SMP.Turf/src" value="true" />
        <entry key="$USER_HOME$/Projects/Samples.Aspire.SMP.OrderManager/src" value="true" />
        <entry key="$USER_HOME$/Projects/Samples.Aspire.SMP.OrderManager/src/.idea/.idea.SMP.OrderManager" value="true" />
        <entry key="$USER_HOME$/Projects/Sandbox/Releaser/src" value="true" />
        <entry key="$USER_HOME$/Projects/app_links/ConsoleApp1" value="true" />
        <entry key="$USER_HOME$/Projects/temp/MyProjFolder" value="true" />
        <entry key="$USER_HOME$/RiderProjects/ConsoleApp1" value="true" />
        <entry key="$USER_HOME$/RiderProjects/ConsoleApp1/.idea/.idea.ConsoleApp1" value="true" />
        <entry key="$USER_HOME$/RiderProjects/MauiApp1" value="true" />
        <entry key="$USER_HOME$/RiderProjects/SMP.OrderManager" value="true" />
        <entry key="$USER_HOME$/RiderProjects/SMP.OrderManager/.idea/.idea.SMP.OrderManager" value="true" />
        <entry key="$USER_HOME$/RiderProjects/WebApplication1" value="true" />
      </map>
    </option>
  </component>
</application>