<application>
  <component name="UpdatesConfigurable">
    <ignoredBuildNumbers>
      <item value="202.4357.27" />
    </ignoredBuildNumbers>
    <option name="LAST_BUILD_CHECKED" value="RD-251.23774.437" />
    <option name="LAST_TIME_CHECKED" value="1745023769030" />
    <option name="OBSOLETE_CUSTOM_REPOSITORIES_CLEAN_NEEDED" value="false" />
    <option name="PLUGINS_AUTO_UPDATE" value="true" />
    <option name="THIRD_PARTY_PLUGINS_ALLOWED" value="true" />
    <option name="WHATS_NEW_SHOWN_FOR" value="241" />
  </component>
</application>