<application>
  <component name="DimensionService">
    <location key="find.popup.0.0.2880.1800@192dpi" x="852" y="72" />
    <location key="find.popup.0.0.3840.2160@192dpi" x="984" y="540" />
    <location key="find.popup.0.0.1920.1080" x="492" y="270" />
    <location key="find.popup.3840.184.2880.1800@192dpi" x="4578" y="672" />
    <location key="find.popup.-3840.-387.3840.1600" x="-2856" y="12" />
    <location key="REMOTE_DEVELOPMENT_CONNECTION.0.0.3840.2160@192dpi" x="1120" y="350" />
    <size key="GridCell.Tab.0.left.0.0.2880.1800@192dpi" width="2664" height="498" />
    <size key="GridCell.Tab.0.center.0.0.2880.1800@192dpi" width="2664" height="498" />
    <size key="GridCell.Tab.0.right.0.0.2880.1800@192dpi" width="2664" height="498" />
    <size key="GridCell.Tab.0.bottom.0.0.2880.1800@192dpi" width="2664" height="498" />
    <size key="find.popup.0.0.2880.1800@192dpi" width="1288" height="1072" />
    <size key="GridCell.Tab.1.left.0.0.2880.1800@192dpi" width="2664" height="498" />
    <size key="GridCell.Tab.1.center.0.0.2880.1800@192dpi" width="2664" height="498" />
    <size key="GridCell.Tab.1.right.0.0.2880.1800@192dpi" width="2664" height="498" />
    <size key="GridCell.Tab.1.bottom.0.0.2880.1800@192dpi" width="2664" height="498" />
    <size key="GridCell.Tab.3.left.0.0.2880.1800@192dpi" width="2664" height="498" />
    <size key="GridCell.Tab.3.center.0.0.2880.1800@192dpi" width="2664" height="498" />
    <size key="GridCell.Tab.3.right.0.0.2880.1800@192dpi" width="2664" height="498" />
    <size key="GridCell.Tab.3.bottom.0.0.2880.1800@192dpi" width="2664" height="498" />
    <size key="GridCell.Tab.4.left.0.0.2880.1800@192dpi" width="2664" height="498" />
    <size key="GridCell.Tab.4.center.0.0.2880.1800@192dpi" width="2664" height="498" />
    <size key="GridCell.Tab.4.right.0.0.2880.1800@192dpi" width="2664" height="498" />
    <size key="GridCell.Tab.4.bottom.0.0.2880.1800@192dpi" width="2664" height="498" />
    <size key="GridCell.Tab.2.left.0.0.2880.1800@192dpi" width="2664" height="498" />
    <size key="GridCell.Tab.2.center.0.0.2880.1800@192dpi" width="2664" height="498" />
    <size key="GridCell.Tab.2.right.0.0.2880.1800@192dpi" width="2664" height="498" />
    <size key="GridCell.Tab.2.bottom.0.0.2880.1800@192dpi" width="2664" height="498" />
    <size key="GridCell.Tab.0.left.0.0.1920.1080" width="1812" height="264" />
    <size key="GridCell.Tab.0.center.0.0.1920.1080" width="1812" height="264" />
    <size key="GridCell.Tab.0.right.0.0.1920.1080" width="1812" height="264" />
    <size key="GridCell.Tab.0.bottom.0.0.1920.1080" width="1812" height="264" />
    <size key="GridCell.Tab.1.left.0.0.1920.1080" width="1812" height="264" />
    <size key="GridCell.Tab.1.center.0.0.1920.1080" width="1812" height="264" />
    <size key="GridCell.Tab.1.right.0.0.1920.1080" width="1812" height="264" />
    <size key="GridCell.Tab.1.bottom.0.0.1920.1080" width="1812" height="264" />
    <size key="GridCell.Tab.3.left.0.0.1920.1080" width="1812" height="264" />
    <size key="GridCell.Tab.3.center.0.0.1920.1080" width="1812" height="264" />
    <size key="GridCell.Tab.3.right.0.0.1920.1080" width="1812" height="264" />
    <size key="GridCell.Tab.3.bottom.0.0.1920.1080" width="1812" height="264" />
    <size key="GridCell.Tab.4.left.0.0.1920.1080" width="1812" height="264" />
    <size key="GridCell.Tab.4.center.0.0.1920.1080" width="1812" height="264" />
    <size key="GridCell.Tab.4.right.0.0.1920.1080" width="1812" height="264" />
    <size key="GridCell.Tab.4.bottom.0.0.1920.1080" width="1812" height="264" />
    <size key="GridCell.Tab.2.left.0.0.1920.1080" width="1812" height="264" />
    <size key="GridCell.Tab.2.center.0.0.1920.1080" width="1812" height="264" />
    <size key="GridCell.Tab.2.right.0.0.1920.1080" width="1812" height="264" />
    <size key="GridCell.Tab.2.bottom.0.0.1920.1080" width="1812" height="264" />
    <size key="find.popup.0.0.3840.2160@192dpi" width="1970" height="1110" />
    <size key="GridCell.Tab.0.left.0.0.3840.2160@192dpi" width="3624" height="558" />
    <size key="GridCell.Tab.0.center.0.0.3840.2160@192dpi" width="3624" height="558" />
    <size key="GridCell.Tab.0.right.0.0.3840.2160@192dpi" width="3624" height="558" />
    <size key="GridCell.Tab.0.bottom.0.0.3840.2160@192dpi" width="3624" height="558" />
    <size key="GridCell.Tab.1.left.0.0.3840.2160@192dpi" width="3624" height="558" />
    <size key="GridCell.Tab.1.center.0.0.3840.2160@192dpi" width="3624" height="558" />
    <size key="GridCell.Tab.1.right.0.0.3840.2160@192dpi" width="3624" height="558" />
    <size key="GridCell.Tab.1.bottom.0.0.3840.2160@192dpi" width="3624" height="558" />
    <size key="GridCell.Tab.3.left.0.0.3840.2160@192dpi" width="3624" height="558" />
    <size key="GridCell.Tab.3.center.0.0.3840.2160@192dpi" width="3624" height="558" />
    <size key="GridCell.Tab.3.right.0.0.3840.2160@192dpi" width="3624" height="558" />
    <size key="GridCell.Tab.3.bottom.0.0.3840.2160@192dpi" width="3624" height="558" />
    <size key="GridCell.Tab.4.left.0.0.3840.2160@192dpi" width="3624" height="558" />
    <size key="GridCell.Tab.4.center.0.0.3840.2160@192dpi" width="3624" height="558" />
    <size key="GridCell.Tab.4.right.0.0.3840.2160@192dpi" width="3624" height="558" />
    <size key="GridCell.Tab.4.bottom.0.0.3840.2160@192dpi" width="3624" height="558" />
    <size key="GridCell.Tab.2.left.0.0.3840.2160@192dpi" width="3624" height="558" />
    <size key="GridCell.Tab.2.center.0.0.3840.2160@192dpi" width="3624" height="558" />
    <size key="GridCell.Tab.2.right.0.0.3840.2160@192dpi" width="3624" height="558" />
    <size key="GridCell.Tab.2.bottom.0.0.3840.2160@192dpi" width="3624" height="558" />
    <size key="find.popup.0.0.1920.1080" width="892" height="556" />
    <size key="GridCell.Tab.0.left.3840.176.2880.1800@192dpi" width="2716" height="558" />
    <size key="GridCell.Tab.0.center.3840.176.2880.1800@192dpi" width="2716" height="558" />
    <size key="GridCell.Tab.0.right.3840.176.2880.1800@192dpi" width="2716" height="558" />
    <size key="GridCell.Tab.0.bottom.3840.176.2880.1800@192dpi" width="2716" height="558" />
    <size key="GridCell.Tab.1.left.3840.176.2880.1800@192dpi" width="2716" height="558" />
    <size key="GridCell.Tab.1.center.3840.176.2880.1800@192dpi" width="2716" height="558" />
    <size key="GridCell.Tab.1.right.3840.176.2880.1800@192dpi" width="2716" height="558" />
    <size key="GridCell.Tab.1.bottom.3840.176.2880.1800@192dpi" width="2716" height="558" />
    <size key="GridCell.Tab.2.left.3840.176.2880.1800@192dpi" width="2716" height="558" />
    <size key="GridCell.Tab.2.center.3840.176.2880.1800@192dpi" width="2716" height="558" />
    <size key="GridCell.Tab.2.right.3840.176.2880.1800@192dpi" width="2716" height="558" />
    <size key="GridCell.Tab.2.bottom.3840.176.2880.1800@192dpi" width="2716" height="558" />
    <size key="GridCell.Tab.3.left.3840.176.2880.1800@192dpi" width="2716" height="558" />
    <size key="GridCell.Tab.3.center.3840.176.2880.1800@192dpi" width="2716" height="558" />
    <size key="GridCell.Tab.3.right.3840.176.2880.1800@192dpi" width="2716" height="558" />
    <size key="GridCell.Tab.3.bottom.3840.176.2880.1800@192dpi" width="2716" height="558" />
    <size key="GridCell.Tab.4.left.3840.176.2880.1800@192dpi" width="2716" height="558" />
    <size key="GridCell.Tab.4.center.3840.176.2880.1800@192dpi" width="2716" height="558" />
    <size key="GridCell.Tab.4.right.3840.176.2880.1800@192dpi" width="2716" height="558" />
    <size key="GridCell.Tab.4.bottom.3840.176.2880.1800@192dpi" width="2716" height="558" />
    <size key="GridCell.Tab.5.left.0.0.3840.2160@192dpi" width="3624" height="558" />
    <size key="GridCell.Tab.5.center.0.0.3840.2160@192dpi" width="3624" height="558" />
    <size key="GridCell.Tab.5.right.0.0.3840.2160@192dpi" width="3624" height="558" />
    <size key="GridCell.Tab.5.bottom.0.0.3840.2160@192dpi" width="3624" height="558" />
    <size key="GridCell.Tab.5.left.0.0.1920.1080" width="1812" height="264" />
    <size key="GridCell.Tab.5.center.0.0.1920.1080" width="1812" height="264" />
    <size key="GridCell.Tab.5.right.0.0.1920.1080" width="1812" height="264" />
    <size key="GridCell.Tab.5.bottom.0.0.1920.1080" width="1812" height="264" />
    <size key="GridCell.Tab.6.left.0.0.3840.2160@192dpi" width="3624" height="558" />
    <size key="GridCell.Tab.6.center.0.0.3840.2160@192dpi" width="3624" height="558" />
    <size key="GridCell.Tab.6.right.0.0.3840.2160@192dpi" width="3624" height="558" />
    <size key="GridCell.Tab.6.bottom.0.0.3840.2160@192dpi" width="3624" height="558" />
    <size key="GridCell.Tab.6.left.0.0.1920.1080" width="1812" height="264" />
    <size key="GridCell.Tab.6.center.0.0.1920.1080" width="1812" height="264" />
    <size key="GridCell.Tab.6.right.0.0.1920.1080" width="1812" height="264" />
    <size key="GridCell.Tab.6.bottom.0.0.1920.1080" width="1812" height="264" />
    <size key="GridCell.Tab.5.left.0.0.2880.1800@192dpi" width="2664" height="498" />
    <size key="GridCell.Tab.5.center.0.0.2880.1800@192dpi" width="2664" height="498" />
    <size key="GridCell.Tab.5.right.0.0.2880.1800@192dpi" width="2664" height="498" />
    <size key="GridCell.Tab.5.bottom.0.0.2880.1800@192dpi" width="2664" height="498" />
    <size key="GridCell.Tab.6.left.0.0.2880.1800@192dpi" width="2664" height="498" />
    <size key="GridCell.Tab.6.center.0.0.2880.1800@192dpi" width="2664" height="498" />
    <size key="GridCell.Tab.6.right.0.0.2880.1800@192dpi" width="2664" height="498" />
    <size key="GridCell.Tab.6.bottom.0.0.2880.1800@192dpi" width="2664" height="498" />
    <size key="GridCell.Tab.0.left.-3840.0.3840.1600" width="0" height="0" />
    <size key="GridCell.Tab.0.center.-3840.0.3840.1600" width="0" height="0" />
    <size key="GridCell.Tab.0.right.-3840.0.3840.1600" width="0" height="0" />
    <size key="GridCell.Tab.0.bottom.-3840.0.3840.1600" width="0" height="0" />
    <size key="GridCell.Tab.1.left.-3840.0.3840.1600" width="0" height="0" />
    <size key="GridCell.Tab.1.center.-3840.0.3840.1600" width="0" height="0" />
    <size key="GridCell.Tab.1.right.-3840.0.3840.1600" width="0" height="0" />
    <size key="GridCell.Tab.1.bottom.-3840.0.3840.1600" width="0" height="0" />
    <size key="GridCell.Tab.2.left.-3840.0.3840.1600" width="0" height="0" />
    <size key="GridCell.Tab.2.center.-3840.0.3840.1600" width="0" height="0" />
    <size key="GridCell.Tab.2.right.-3840.0.3840.1600" width="0" height="0" />
    <size key="GridCell.Tab.2.bottom.-3840.0.3840.1600" width="0" height="0" />
    <size key="GridCell.Tab.3.left.-3840.0.3840.1600" width="0" height="0" />
    <size key="GridCell.Tab.3.center.-3840.0.3840.1600" width="0" height="0" />
    <size key="GridCell.Tab.3.right.-3840.0.3840.1600" width="0" height="0" />
    <size key="GridCell.Tab.3.bottom.-3840.0.3840.1600" width="0" height="0" />
    <size key="GridCell.Tab.4.left.-3840.0.3840.1600" width="0" height="0" />
    <size key="GridCell.Tab.4.center.-3840.0.3840.1600" width="0" height="0" />
    <size key="GridCell.Tab.4.right.-3840.0.3840.1600" width="0" height="0" />
    <size key="GridCell.Tab.4.bottom.-3840.0.3840.1600" width="0" height="0" />
    <size key="GridCell.Tab.5.left.-3840.0.3840.1600" width="0" height="0" />
    <size key="GridCell.Tab.5.center.-3840.0.3840.1600" width="0" height="0" />
    <size key="GridCell.Tab.5.right.-3840.0.3840.1600" width="0" height="0" />
    <size key="GridCell.Tab.5.bottom.-3840.0.3840.1600" width="0" height="0" />
    <size key="GridCell.Tab.6.left.-3840.0.3840.1600" width="0" height="0" />
    <size key="GridCell.Tab.6.center.-3840.0.3840.1600" width="0" height="0" />
    <size key="GridCell.Tab.6.right.-3840.0.3840.1600" width="0" height="0" />
    <size key="GridCell.Tab.6.bottom.-3840.0.3840.1600" width="0" height="0" />
    <size key="find.popup.3840.184.2880.1800@192dpi" width="1784" height="1112" />
    <size key="GridCell.Tab.0.left.3840.184.2880.1800@192dpi" width="2664" height="486" />
    <size key="GridCell.Tab.0.center.3840.184.2880.1800@192dpi" width="2664" height="486" />
    <size key="GridCell.Tab.0.right.3840.184.2880.1800@192dpi" width="2664" height="486" />
    <size key="GridCell.Tab.0.bottom.3840.184.2880.1800@192dpi" width="2664" height="486" />
    <size key="GridCell.Tab.1.left.3840.184.2880.1800@192dpi" width="2664" height="486" />
    <size key="GridCell.Tab.1.center.3840.184.2880.1800@192dpi" width="2664" height="486" />
    <size key="GridCell.Tab.1.right.3840.184.2880.1800@192dpi" width="2664" height="486" />
    <size key="GridCell.Tab.1.bottom.3840.184.2880.1800@192dpi" width="2664" height="486" />
    <size key="GridCell.Tab.2.left.3840.184.2880.1800@192dpi" width="2664" height="486" />
    <size key="GridCell.Tab.2.center.3840.184.2880.1800@192dpi" width="2664" height="486" />
    <size key="GridCell.Tab.2.right.3840.184.2880.1800@192dpi" width="2664" height="486" />
    <size key="GridCell.Tab.2.bottom.3840.184.2880.1800@192dpi" width="2664" height="486" />
    <size key="GridCell.Tab.3.left.3840.184.2880.1800@192dpi" width="2664" height="486" />
    <size key="GridCell.Tab.3.center.3840.184.2880.1800@192dpi" width="2664" height="486" />
    <size key="GridCell.Tab.3.right.3840.184.2880.1800@192dpi" width="2664" height="486" />
    <size key="GridCell.Tab.3.bottom.3840.184.2880.1800@192dpi" width="2664" height="486" />
    <size key="GridCell.Tab.4.left.3840.184.2880.1800@192dpi" width="2664" height="486" />
    <size key="GridCell.Tab.4.center.3840.184.2880.1800@192dpi" width="2664" height="486" />
    <size key="GridCell.Tab.4.right.3840.184.2880.1800@192dpi" width="2664" height="486" />
    <size key="GridCell.Tab.4.bottom.3840.184.2880.1800@192dpi" width="2664" height="486" />
    <size key="GridCell.Tab.5.left.3840.184.2880.1800@192dpi" width="2664" height="486" />
    <size key="GridCell.Tab.5.center.3840.184.2880.1800@192dpi" width="2664" height="486" />
    <size key="GridCell.Tab.5.right.3840.184.2880.1800@192dpi" width="2664" height="486" />
    <size key="GridCell.Tab.5.bottom.3840.184.2880.1800@192dpi" width="2664" height="486" />
    <size key="GridCell.Tab.6.left.3840.184.2880.1800@192dpi" width="2664" height="486" />
    <size key="GridCell.Tab.6.center.3840.184.2880.1800@192dpi" width="2664" height="486" />
    <size key="GridCell.Tab.6.right.3840.184.2880.1800@192dpi" width="2664" height="486" />
    <size key="GridCell.Tab.6.bottom.3840.184.2880.1800@192dpi" width="2664" height="486" />
    <size key="GridCell.Tab.0.left.-3840.-387.3840.1600" width="1812" height="336" />
    <size key="GridCell.Tab.0.center.-3840.-387.3840.1600" width="1812" height="336" />
    <size key="GridCell.Tab.0.right.-3840.-387.3840.1600" width="1812" height="336" />
    <size key="GridCell.Tab.0.bottom.-3840.-387.3840.1600" width="1812" height="336" />
    <size key="GridCell.Tab.1.left.-3840.-387.3840.1600" width="1812" height="336" />
    <size key="GridCell.Tab.1.center.-3840.-387.3840.1600" width="1812" height="336" />
    <size key="GridCell.Tab.1.right.-3840.-387.3840.1600" width="1812" height="336" />
    <size key="GridCell.Tab.1.bottom.-3840.-387.3840.1600" width="1812" height="336" />
    <size key="GridCell.Tab.2.left.-3840.-387.3840.1600" width="1812" height="336" />
    <size key="GridCell.Tab.2.center.-3840.-387.3840.1600" width="1812" height="336" />
    <size key="GridCell.Tab.2.right.-3840.-387.3840.1600" width="1812" height="336" />
    <size key="GridCell.Tab.2.bottom.-3840.-387.3840.1600" width="1812" height="336" />
    <size key="GridCell.Tab.3.left.-3840.-387.3840.1600" width="1812" height="336" />
    <size key="GridCell.Tab.3.center.-3840.-387.3840.1600" width="1812" height="336" />
    <size key="GridCell.Tab.3.right.-3840.-387.3840.1600" width="1812" height="336" />
    <size key="GridCell.Tab.3.bottom.-3840.-387.3840.1600" width="1812" height="336" />
    <size key="GridCell.Tab.4.left.-3840.-387.3840.1600" width="1812" height="336" />
    <size key="GridCell.Tab.4.center.-3840.-387.3840.1600" width="1812" height="336" />
    <size key="GridCell.Tab.4.right.-3840.-387.3840.1600" width="1812" height="336" />
    <size key="GridCell.Tab.4.bottom.-3840.-387.3840.1600" width="1812" height="336" />
    <size key="GridCell.Tab.5.left.-3840.-387.3840.1600" width="1812" height="336" />
    <size key="GridCell.Tab.5.center.-3840.-387.3840.1600" width="1812" height="336" />
    <size key="GridCell.Tab.5.right.-3840.-387.3840.1600" width="1812" height="336" />
    <size key="GridCell.Tab.5.bottom.-3840.-387.3840.1600" width="1812" height="336" />
    <size key="GridCell.Tab.6.left.-3840.-387.3840.1600" width="1812" height="336" />
    <size key="GridCell.Tab.6.center.-3840.-387.3840.1600" width="1812" height="336" />
    <size key="GridCell.Tab.6.right.-3840.-387.3840.1600" width="1812" height="336" />
    <size key="GridCell.Tab.6.bottom.-3840.-387.3840.1600" width="1812" height="336" />
    <size key="find.popup.-3840.-387.3840.1600" width="1784" height="851" />
    <size key="REMOTE_DEVELOPMENT_CONNECTION.0.0.3840.2160@192dpi" width="1600" height="1358" />
  </component>
  <component name="WindowManager">
    <frame x="0" y="25" width="1920" height="977" extendedState="6" />
  </component>
  <component name="WindowStateApplicationService">
    <state x="685" y="374" key="APPLICATION_WIDE_STORE_#rider.projectView.actions.properties.EditPropertiesDialogFile" timestamp="1738886109722">
      <screen x="0" y="25" width="1920" height="981" />
    </state>
    <state x="685" y="374" key="APPLICATION_WIDE_STORE_#rider.projectView.actions.properties.EditPropertiesDialogFile/1920.117.1440.875/0.25.1920.981" timestamp="1738886109722" />
    <state width="769" height="211" key="ShowUsagesActions.dimensionServiceKey" timestamp="1742811585865">
      <screen x="0" y="25" width="3840" height="1497" />
    </state>
    <state width="546" height="187" key="ShowUsagesActions.dimensionServiceKey/0.25.1440.817" timestamp="1738243778443" />
    <state width="541" height="139" key="ShowUsagesActions.dimensionServiceKey/1920.117.1440.875/0.25.1920.979" timestamp="1738412156597" />
    <state width="769" height="211" key="ShowUsagesActions.dimensionServiceKey/3840.412.1440.875/0.25.3840.1497" timestamp="1742811585865" />
    <state x="959" y="461" width="801" height="665" key="WELCOME_SCREEN" timestamp="1745100296023">
      <screen x="0" y="25" width="1920" height="977" />
    </state>
    <state x="720" y="404" width="800" height="650" key="WELCOME_SCREEN/0.25.1440.813" timestamp="1736906415153" />
    <state x="720" y="404" width="800" height="650" key="WELCOME_SCREEN/0.25.1440.814" timestamp="1745008743661" />
    <state x="719" y="407" width="801" height="665" key="WELCOME_SCREEN/0.25.1440.815" timestamp="1744238725560" />
    <state x="819" y="436" width="800" height="650" key="WELCOME_SCREEN/0.25.1440.817" timestamp="1739805245433" />
    <state x="720" y="405" width="800" height="650" key="WELCOME_SCREEN/0.25.1440.817/-3840.-362.3840.1575" timestamp="1739806543415" />
    <state x="720" y="405" width="800" height="651" key="WELCOME_SCREEN/0.25.1440.818" timestamp="1740013595839" />
    <state x="720" y="425" width="800" height="650" key="WELCOME_SCREEN/0.25.1440.875/-3840.-362.3840.1497" timestamp="1740758691450" />
    <state x="-1920" y="632" width="800" height="650" key="WELCOME_SCREEN/0.25.1440.875/-3840.25.3840.1497" timestamp="1738572930734" />
    <state x="959" y="461" width="801" height="665" key="WELCOME_SCREEN/0.25.1920.979" timestamp="1738083386317" />
    <state x="959" y="460" width="801" height="665" key="WELCOME_SCREEN/1920.117.1440.875/0.25.1920.975" timestamp="1737515664384" />
    <state x="959" y="461" width="801" height="665" key="WELCOME_SCREEN/1920.117.1440.875/0.25.1920.977" timestamp="1745100296023" />
    <state x="959" y="462" width="801" height="668" key="WELCOME_SCREEN/1920.117.1440.875/0.25.1920.979" timestamp="1745025632413" />
    <state x="959" y="463" width="801" height="668" key="WELCOME_SCREEN/1920.117.1440.875/0.25.1920.981" timestamp="1744248662902" />
    <state x="959" y="463" width="801" height="668" key="WELCOME_SCREEN/1920.117.1440.875/0.25.1920.982" timestamp="1739420458632" />
    <state x="959" y="464" width="801" height="670" key="WELCOME_SCREEN/1920.117.1440.875/0.25.1920.984" timestamp="1738940285761" />
    <state x="959" y="469" width="801" height="677" key="WELCOME_SCREEN/1920.117.1440.875/0.25.1920.995" timestamp="1738546670862" />
    <state x="1920" y="694" width="1602" height="1022" key="WELCOME_SCREEN/3840.412.1440.875/0.25.3840.1497" timestamp="1742917409425" />
  </component>
</application>