<application>
  <component name="DimensionService">
    <location key="find.popup.0.0.2880.1800@192dpi" x="852" y="72" />
    <location key="find.popup.0.0.3840.2160@192dpi" x="984" y="542" />
    <location key="find.popup.0.0.1920.1080" x="492" y="270" />
    <size key="GridCell.Tab.0.left.0.0.2880.1800@192dpi" width="2664" height="718" />
    <size key="GridCell.Tab.0.center.0.0.2880.1800@192dpi" width="2664" height="718" />
    <size key="GridCell.Tab.0.right.0.0.2880.1800@192dpi" width="2664" height="718" />
    <size key="GridCell.Tab.0.bottom.0.0.2880.1800@192dpi" width="2664" height="718" />
    <size key="find.popup.0.0.2880.1800@192dpi" width="1288" height="1072" />
    <size key="GridCell.Tab.1.left.0.0.2880.1800@192dpi" width="2664" height="718" />
    <size key="GridCell.Tab.1.center.0.0.2880.1800@192dpi" width="2664" height="718" />
    <size key="GridCell.Tab.1.right.0.0.2880.1800@192dpi" width="2664" height="718" />
    <size key="GridCell.Tab.1.bottom.0.0.2880.1800@192dpi" width="2664" height="718" />
    <size key="GridCell.Tab.3.left.0.0.2880.1800@192dpi" width="2664" height="718" />
    <size key="GridCell.Tab.3.center.0.0.2880.1800@192dpi" width="2664" height="718" />
    <size key="GridCell.Tab.3.right.0.0.2880.1800@192dpi" width="2664" height="718" />
    <size key="GridCell.Tab.3.bottom.0.0.2880.1800@192dpi" width="2664" height="718" />
    <size key="GridCell.Tab.4.left.0.0.2880.1800@192dpi" width="2664" height="718" />
    <size key="GridCell.Tab.4.center.0.0.2880.1800@192dpi" width="2664" height="718" />
    <size key="GridCell.Tab.4.right.0.0.2880.1800@192dpi" width="2664" height="718" />
    <size key="GridCell.Tab.4.bottom.0.0.2880.1800@192dpi" width="2664" height="718" />
    <size key="GridCell.Tab.2.left.0.0.2880.1800@192dpi" width="2664" height="718" />
    <size key="GridCell.Tab.2.center.0.0.2880.1800@192dpi" width="2664" height="718" />
    <size key="GridCell.Tab.2.right.0.0.2880.1800@192dpi" width="2664" height="718" />
    <size key="GridCell.Tab.2.bottom.0.0.2880.1800@192dpi" width="2664" height="718" />
    <size key="GridCell.Tab.0.left.0.0.1920.1080" width="1812" height="264" />
    <size key="GridCell.Tab.0.center.0.0.1920.1080" width="1812" height="264" />
    <size key="GridCell.Tab.0.right.0.0.1920.1080" width="1812" height="264" />
    <size key="GridCell.Tab.0.bottom.0.0.1920.1080" width="1812" height="264" />
    <size key="GridCell.Tab.1.left.0.0.1920.1080" width="1812" height="264" />
    <size key="GridCell.Tab.1.center.0.0.1920.1080" width="1812" height="264" />
    <size key="GridCell.Tab.1.right.0.0.1920.1080" width="1812" height="264" />
    <size key="GridCell.Tab.1.bottom.0.0.1920.1080" width="1812" height="264" />
    <size key="GridCell.Tab.3.left.0.0.1920.1080" width="1812" height="264" />
    <size key="GridCell.Tab.3.center.0.0.1920.1080" width="1812" height="264" />
    <size key="GridCell.Tab.3.right.0.0.1920.1080" width="1812" height="264" />
    <size key="GridCell.Tab.3.bottom.0.0.1920.1080" width="1812" height="264" />
    <size key="GridCell.Tab.4.left.0.0.1920.1080" width="1812" height="264" />
    <size key="GridCell.Tab.4.center.0.0.1920.1080" width="1812" height="264" />
    <size key="GridCell.Tab.4.right.0.0.1920.1080" width="1812" height="264" />
    <size key="GridCell.Tab.4.bottom.0.0.1920.1080" width="1812" height="264" />
    <size key="GridCell.Tab.2.left.0.0.1920.1080" width="1812" height="264" />
    <size key="GridCell.Tab.2.center.0.0.1920.1080" width="1812" height="264" />
    <size key="GridCell.Tab.2.right.0.0.1920.1080" width="1812" height="264" />
    <size key="GridCell.Tab.2.bottom.0.0.1920.1080" width="1812" height="264" />
    <size key="find.popup.0.0.3840.2160@192dpi" width="1970" height="1112" />
    <size key="GridCell.Tab.0.left.0.0.3840.2160@192dpi" width="3624" height="592" />
    <size key="GridCell.Tab.0.center.0.0.3840.2160@192dpi" width="3624" height="592" />
    <size key="GridCell.Tab.0.right.0.0.3840.2160@192dpi" width="3624" height="592" />
    <size key="GridCell.Tab.0.bottom.0.0.3840.2160@192dpi" width="3624" height="592" />
    <size key="GridCell.Tab.1.left.0.0.3840.2160@192dpi" width="3624" height="592" />
    <size key="GridCell.Tab.1.center.0.0.3840.2160@192dpi" width="3624" height="592" />
    <size key="GridCell.Tab.1.right.0.0.3840.2160@192dpi" width="3624" height="592" />
    <size key="GridCell.Tab.1.bottom.0.0.3840.2160@192dpi" width="3624" height="592" />
    <size key="GridCell.Tab.3.left.0.0.3840.2160@192dpi" width="3624" height="592" />
    <size key="GridCell.Tab.3.center.0.0.3840.2160@192dpi" width="3624" height="592" />
    <size key="GridCell.Tab.3.right.0.0.3840.2160@192dpi" width="3624" height="592" />
    <size key="GridCell.Tab.3.bottom.0.0.3840.2160@192dpi" width="3624" height="592" />
    <size key="GridCell.Tab.4.left.0.0.3840.2160@192dpi" width="3624" height="592" />
    <size key="GridCell.Tab.4.center.0.0.3840.2160@192dpi" width="3624" height="592" />
    <size key="GridCell.Tab.4.right.0.0.3840.2160@192dpi" width="3624" height="592" />
    <size key="GridCell.Tab.4.bottom.0.0.3840.2160@192dpi" width="3624" height="592" />
    <size key="GridCell.Tab.2.left.0.0.3840.2160@192dpi" width="3624" height="592" />
    <size key="GridCell.Tab.2.center.0.0.3840.2160@192dpi" width="3624" height="592" />
    <size key="GridCell.Tab.2.right.0.0.3840.2160@192dpi" width="3624" height="592" />
    <size key="GridCell.Tab.2.bottom.0.0.3840.2160@192dpi" width="3624" height="592" />
    <size key="find.popup.0.0.1920.1080" width="892" height="556" />
    <size key="GridCell.Tab.0.left.3840.176.2880.1800@192dpi" width="2716" height="558" />
    <size key="GridCell.Tab.0.center.3840.176.2880.1800@192dpi" width="2716" height="558" />
    <size key="GridCell.Tab.0.right.3840.176.2880.1800@192dpi" width="2716" height="558" />
    <size key="GridCell.Tab.0.bottom.3840.176.2880.1800@192dpi" width="2716" height="558" />
    <size key="GridCell.Tab.1.left.3840.176.2880.1800@192dpi" width="2716" height="558" />
    <size key="GridCell.Tab.1.center.3840.176.2880.1800@192dpi" width="2716" height="558" />
    <size key="GridCell.Tab.1.right.3840.176.2880.1800@192dpi" width="2716" height="558" />
    <size key="GridCell.Tab.1.bottom.3840.176.2880.1800@192dpi" width="2716" height="558" />
    <size key="GridCell.Tab.2.left.3840.176.2880.1800@192dpi" width="2716" height="558" />
    <size key="GridCell.Tab.2.center.3840.176.2880.1800@192dpi" width="2716" height="558" />
    <size key="GridCell.Tab.2.right.3840.176.2880.1800@192dpi" width="2716" height="558" />
    <size key="GridCell.Tab.2.bottom.3840.176.2880.1800@192dpi" width="2716" height="558" />
    <size key="GridCell.Tab.3.left.3840.176.2880.1800@192dpi" width="2716" height="558" />
    <size key="GridCell.Tab.3.center.3840.176.2880.1800@192dpi" width="2716" height="558" />
    <size key="GridCell.Tab.3.right.3840.176.2880.1800@192dpi" width="2716" height="558" />
    <size key="GridCell.Tab.3.bottom.3840.176.2880.1800@192dpi" width="2716" height="558" />
    <size key="GridCell.Tab.4.left.3840.176.2880.1800@192dpi" width="2716" height="558" />
    <size key="GridCell.Tab.4.center.3840.176.2880.1800@192dpi" width="2716" height="558" />
    <size key="GridCell.Tab.4.right.3840.176.2880.1800@192dpi" width="2716" height="558" />
    <size key="GridCell.Tab.4.bottom.3840.176.2880.1800@192dpi" width="2716" height="558" />
    <size key="GridCell.Tab.5.left.0.0.3840.2160@192dpi" width="3624" height="592" />
    <size key="GridCell.Tab.5.center.0.0.3840.2160@192dpi" width="3624" height="592" />
    <size key="GridCell.Tab.5.right.0.0.3840.2160@192dpi" width="3624" height="592" />
    <size key="GridCell.Tab.5.bottom.0.0.3840.2160@192dpi" width="3624" height="592" />
    <size key="GridCell.Tab.5.left.0.0.1920.1080" width="1812" height="264" />
    <size key="GridCell.Tab.5.center.0.0.1920.1080" width="1812" height="264" />
    <size key="GridCell.Tab.5.right.0.0.1920.1080" width="1812" height="264" />
    <size key="GridCell.Tab.5.bottom.0.0.1920.1080" width="1812" height="264" />
    <size key="GridCell.Tab.6.left.0.0.3840.2160@192dpi" width="3624" height="592" />
    <size key="GridCell.Tab.6.center.0.0.3840.2160@192dpi" width="3624" height="592" />
    <size key="GridCell.Tab.6.right.0.0.3840.2160@192dpi" width="3624" height="592" />
    <size key="GridCell.Tab.6.bottom.0.0.3840.2160@192dpi" width="3624" height="592" />
    <size key="GridCell.Tab.6.left.0.0.1920.1080" width="1812" height="264" />
    <size key="GridCell.Tab.6.center.0.0.1920.1080" width="1812" height="264" />
    <size key="GridCell.Tab.6.right.0.0.1920.1080" width="1812" height="264" />
    <size key="GridCell.Tab.6.bottom.0.0.1920.1080" width="1812" height="264" />
    <size key="GridCell.Tab.5.left.0.0.2880.1800@192dpi" width="2664" height="718" />
    <size key="GridCell.Tab.5.center.0.0.2880.1800@192dpi" width="2664" height="718" />
    <size key="GridCell.Tab.5.right.0.0.2880.1800@192dpi" width="2664" height="718" />
    <size key="GridCell.Tab.5.bottom.0.0.2880.1800@192dpi" width="2664" height="718" />
    <size key="GridCell.Tab.6.left.0.0.2880.1800@192dpi" width="2664" height="718" />
    <size key="GridCell.Tab.6.center.0.0.2880.1800@192dpi" width="2664" height="718" />
    <size key="GridCell.Tab.6.right.0.0.2880.1800@192dpi" width="2664" height="718" />
    <size key="GridCell.Tab.6.bottom.0.0.2880.1800@192dpi" width="2664" height="718" />
    <size key="GridCell.Tab.0.left.-3840.0.3840.1600" width="1332" height="359" />
    <size key="GridCell.Tab.0.center.-3840.0.3840.1600" width="1332" height="359" />
    <size key="GridCell.Tab.0.right.-3840.0.3840.1600" width="1332" height="359" />
    <size key="GridCell.Tab.0.bottom.-3840.0.3840.1600" width="1332" height="359" />
    <size key="GridCell.Tab.1.left.-3840.0.3840.1600" width="1332" height="359" />
    <size key="GridCell.Tab.1.center.-3840.0.3840.1600" width="1332" height="359" />
    <size key="GridCell.Tab.1.right.-3840.0.3840.1600" width="1332" height="359" />
    <size key="GridCell.Tab.1.bottom.-3840.0.3840.1600" width="1332" height="359" />
    <size key="GridCell.Tab.2.left.-3840.0.3840.1600" width="1332" height="359" />
    <size key="GridCell.Tab.2.center.-3840.0.3840.1600" width="1332" height="359" />
    <size key="GridCell.Tab.2.right.-3840.0.3840.1600" width="1332" height="359" />
    <size key="GridCell.Tab.2.bottom.-3840.0.3840.1600" width="1332" height="359" />
    <size key="GridCell.Tab.3.left.-3840.0.3840.1600" width="1332" height="359" />
    <size key="GridCell.Tab.3.center.-3840.0.3840.1600" width="1332" height="359" />
    <size key="GridCell.Tab.3.right.-3840.0.3840.1600" width="1332" height="359" />
    <size key="GridCell.Tab.3.bottom.-3840.0.3840.1600" width="1332" height="359" />
    <size key="GridCell.Tab.4.left.-3840.0.3840.1600" width="1332" height="359" />
    <size key="GridCell.Tab.4.center.-3840.0.3840.1600" width="1332" height="359" />
    <size key="GridCell.Tab.4.right.-3840.0.3840.1600" width="1332" height="359" />
    <size key="GridCell.Tab.4.bottom.-3840.0.3840.1600" width="1332" height="359" />
    <size key="GridCell.Tab.5.left.-3840.0.3840.1600" width="1332" height="359" />
    <size key="GridCell.Tab.5.center.-3840.0.3840.1600" width="1332" height="359" />
    <size key="GridCell.Tab.5.right.-3840.0.3840.1600" width="1332" height="359" />
    <size key="GridCell.Tab.5.bottom.-3840.0.3840.1600" width="1332" height="359" />
    <size key="GridCell.Tab.6.left.-3840.0.3840.1600" width="1332" height="359" />
    <size key="GridCell.Tab.6.center.-3840.0.3840.1600" width="1332" height="359" />
    <size key="GridCell.Tab.6.right.-3840.0.3840.1600" width="1332" height="359" />
    <size key="GridCell.Tab.6.bottom.-3840.0.3840.1600" width="1332" height="359" />
  </component>
  <component name="WindowManager">
    <frame x="0" y="25" width="1920" height="979" extendedState="6" />
  </component>
  <component name="WindowStateApplicationService">
    <state x="790" y="402" width="714" height="384" key="#com.intellij.openapi.updateSettings.impl.PluginUpdateInfoDialog" timestamp="1731508324961">
      <screen x="0" y="25" width="1920" height="979" />
    </state>
    <state x="790" y="402" key="#com.intellij.openapi.updateSettings.impl.PluginUpdateInfoDialog/1920.117.1440.875/0.25.1920.977" timestamp="1729816880224" />
    <state x="790" y="402" key="#com.intellij.openapi.updateSettings.impl.PluginUpdateInfoDialog/1920.117.1440.875/0.25.1920.979" timestamp="1731508324961" />
    <state x="685" y="371" key="APPLICATION_WIDE_STORE_#rider.projectView.actions.properties.EditPropertiesDialogFile" timestamp="1735177588690">
      <screen x="0" y="25" width="1920" height="973" />
    </state>
    <state x="685" y="371" key="APPLICATION_WIDE_STORE_#rider.projectView.actions.properties.EditPropertiesDialogFile/1920.117.1440.875/0.25.1920.973" timestamp="1735177588690" />
    <state width="541" height="139" key="ShowUsagesActions.dimensionServiceKey" timestamp="1738412156597">
      <screen x="0" y="25" width="1920" height="979" />
    </state>
    <state width="546" height="187" key="ShowUsagesActions.dimensionServiceKey/0.25.1440.817" timestamp="1738243778443" />
    <state width="727" height="211" key="ShowUsagesActions.dimensionServiceKey/1920.117.1440.875/0.25.1920.975" timestamp="1732876832205" />
    <state width="727" height="163" key="ShowUsagesActions.dimensionServiceKey/1920.117.1440.875/0.25.1920.977" timestamp="1732976147363" />
    <state width="541" height="139" key="ShowUsagesActions.dimensionServiceKey/1920.117.1440.875/0.25.1920.979" timestamp="1738412156597" />
    <state x="959" y="461" width="801" height="665" key="WELCOME_SCREEN" timestamp="1738449129067">
      <screen x="0" y="25" width="1920" height="979" />
    </state>
    <state x="720" y="403" width="800" height="650" key="WELCOME_SCREEN/0.25.1440.809" timestamp="1736035168656" />
    <state x="720" y="404" width="800" height="650" key="WELCOME_SCREEN/0.25.1440.813" timestamp="1736906415153" />
    <state x="719" y="413" width="801" height="665" key="WELCOME_SCREEN/0.25.1440.815" timestamp="1738437835298" />
    <state x="-1920" y="632" width="800" height="650" key="WELCOME_SCREEN/0.25.1440.875/-3840.25.3840.1497" timestamp="1738249869716" />
    <state x="959" y="461" width="801" height="665" key="WELCOME_SCREEN/0.25.1920.979" timestamp="1738083386317" />
    <state x="959" y="459" width="801" height="661" key="WELCOME_SCREEN/1920.117.1440.875/0.25.1920.973" timestamp="1735698603530" />
    <state x="959" y="460" width="801" height="665" key="WELCOME_SCREEN/1920.117.1440.875/0.25.1920.975" timestamp="1737515664384" />
    <state x="959" y="461" width="801" height="665" key="WELCOME_SCREEN/1920.117.1440.875/0.25.1920.977" timestamp="1737846230793" />
    <state x="959" y="461" width="801" height="665" key="WELCOME_SCREEN/1920.117.1440.875/0.25.1920.979" timestamp="1738449129067" />
    <state x="959" y="462" width="801" height="667" key="WELCOME_SCREEN/1920.117.1440.875/0.25.1920.981" timestamp="1738444880605" />
    <state x="959" y="463" width="801" height="668" key="WELCOME_SCREEN/1920.117.1440.875/0.25.1920.982" timestamp="1731503698667" />
    <state x="960" y="481" width="1068" height="797" key="WELCOME_SCREEN/1920.125.1440.875/0.25.1920.973" timestamp="1734430697330" />
    <state x="960" y="483" width="1068" height="798" key="WELCOME_SCREEN/1920.125.1440.875/0.25.1920.975" timestamp="1734435600114" />
    <state x="960" y="483" width="1068" height="798" key="WELCOME_SCREEN/1920.125.1440.875/0.25.1920.977" timestamp="1730805537083" />
    <state x="960" y="484" width="1068" height="798" key="WELCOME_SCREEN/1920.125.1440.875/0.25.1920.979" timestamp="1731323735313" />
  </component>
</application>