<application>
  <component name="DartCodeInsightSettings">
    <option name="SHOW_CLOSING_LABELS" value="false" />
  </component>
  <component name="PropertiesComponent">
    <property name="AndroidInitConfigurator.V1" value="true" />
    <property name="AndroidInitConfigurator.V3" value="true" />
    <property name="AndroidInitConfigurator.V5" value="true" />
    <property name="AndroidPlatformName" value="Android API 28 Platform" />
    <property name="ExpandBeforeRunStepsPanel" value="true" />
    <property name="ExpandRunDashboardTypesPanel" value="false" />
    <property name="FLUTTER_COMPANY_DOMAIN" value="hu.pet" />
    <property name="FLUTTER_LAST_SURVEY_CHECK_KEY" value="1558217730533" />
    <property name="FLUTTER_PROJECT_KOTLIN_SUPPORT" value="true" />
    <property name="FLUTTER_SDK_KNOWN_PATHS" value="C:\flutter" />
    <property name="SettingsSearchHistory" value="code completion" />
    <property name="TrendingPluginsSearchHistory" value="flutter" />
    <property name="android-component-compatibility-check" value="1558217744843" />
    <property name="build.toolwindow.Build Output.selection.state" value="com.intellij.build.BuildTreeConsoleView" />
    <property name="build.toolwindow.Sync.selection.state" value="com.intellij.build.BuildTreeConsoleView" />
    <property name="file.chooser.recent.files" value="$USER_HOME$/AndroidStudioProjects/flutter_app&#10;C:/Users/petit/AndroidStudioProjects/flutter_app/android/build.gradle&#10;C:/flutter&#10;F:/Funmaniacs-projects/java8-maven/androidstudio-settings.zip" />
    <property name="file.gist.reindex.count" value="5" />
    <property name="installed.kotlin.plugin.version" value="1.3.31-release-Studio3.4-1" />
    <property name="io.flutter.analytics.clientId" value="cd76d662-5792-4a51-b5e0-701fb5422699" />
    <property name="io.flutter.analytics.optOut" value="true" />
    <property name="io.flutter.analytics.toastShown" value="true" />
    <property name="kotlin.lastUpdateCheck" value="1558217996144" />
    <property name="kotlin.plugin.releaseDate" value="1.3.31-release-Studio3.4-1:2019-04-25" />
    <property name="lastTip" value="3" />
  </component>
</application>