<application>
  <component name="FindSettings">
    <option name="customScope" value="All Places" />
    <option name="defaultScopeName" value="All Places" />
    <option name="SEARCH_SCOPE" value="All Places" />
    <mask>*.html</mask>
    <mask>*.jsp</mask>
    <mask>*.xml</mask>
    <mask>*.js</mask>
    <mask>*.as</mask>
    <mask>*.css</mask>
    <mask>*.mxml</mask>
    <mask>*.java, *.kt</mask>
    <mask>*.kt,*.java</mask>
    <mask>*.kt,*.java,*.yml</mask>
    <mask>*.yml</mask>
    <mask>*.yml,*.kt</mask>
    <mask>*.yml,*.kt,*.java</mask>
    <mask>*.yml,*.kt,*.java,*.properties</mask>
    <mask>*.java, *.properties</mask>
    <mask>*.java, *.properties, *.kt</mask>
    <mask>*.java, *.properties, *.kt,*.yml</mask>
    <mask>*.java, *.properties, *.kt,*.yml, *.gradle</mask>
    <mask>*.java, *.yml</mask>
    <mask>*.java, *.yml, *.gradle</mask>
    <mask>*.properties</mask>
    <mask>*.gradle</mask>
    <mask>*.kt</mask>
    <mask>*.java</mask>
    <mask>*.dart</mask>
  </component>
</application>