<application>
  <component name="ProjectManager">
    <defaultProject>
      <component name="PropertiesComponent">{
  &quot;keyToString&quot;: {
    &quot;settings.editor.selected.configurable&quot;: &quot;preferences.language.Kotlin&quot;
  }
}</component>
      <component name="VcsDirectoryMappings" defaultProject="true" />
      <component name="WindowStateProjectService">
        <state x="560" y="162" key="#com.intellij.openapi.updateSettings.impl.PluginUpdateInfoDialog" timestamp="1758586376034">
          <screen x="0" y="31" width="1920" height="970" />
        </state>
        <state x="560" y="157" key="#com.intellij.openapi.updateSettings.impl.PluginUpdateInfoDialog/1920.117.1440.875/0.25.1920.977" timestamp="1751218201394" />
        <state x="560" y="157" key="#com.intellij.openapi.updateSettings.impl.PluginUpdateInfoDialog/1920.117.1440.875/0.25.1920.979" timestamp="1754522704476" />
        <state x="560" y="157" key="#com.intellij.openapi.updateSettings.impl.PluginUpdateInfoDialog/1920.117.1440.875/0.25.1920.981" timestamp="1756518692796" />
        <state x="560" y="162" key="#com.intellij.openapi.updateSettings.impl.PluginUpdateInfoDialog/1920.123.1440.869/0.31.1920.970" timestamp="1758586376034" />
      </component>
    </defaultProject>
  </component>
</application>