<application>
  <component name="ProjectManager">
    <defaultProject>
      <component name="PropertiesComponent">{
  &quot;keyToString&quot;: {
    &quot;settings.editor.selected.configurable&quot;: &quot;preferences.language.Kotlin&quot;
  }
}</component>
      <component name="VcsDirectoryMappings" defaultProject="true" />
      <component name="WindowStateProjectService">
        <state x="712" y="330" key="#com.intellij.ide.actions.ChooseComponentsToExportDialog" timestamp="1744858423823">
          <screen x="0" y="25" width="1920" height="977" />
        </state>
        <state x="712" y="330" key="#com.intellij.ide.actions.ChooseComponentsToExportDialog/1920.117.1440.875/0.25.1920.977" timestamp="1744858423823" />
        <state x="420" y="135" key="#com.intellij.openapi.updateSettings.impl.PluginUpdateInfoDialog" timestamp="1742547211585">
          <screen x="0" y="25" width="1440" height="815" />
        </state>
        <state x="420" y="135" key="#com.intellij.openapi.updateSettings.impl.PluginUpdateInfoDialog/0.25.1440.815" timestamp="1742547211585" />
        <state x="560" y="157" key="#com.intellij.openapi.updateSettings.impl.PluginUpdateInfoDialog/1920.117.1440.875/0.25.1920.975" timestamp="1737252533406" />
        <state x="560" y="157" key="#com.intellij.openapi.updateSettings.impl.PluginUpdateInfoDialog/1920.117.1440.875/0.25.1920.977" timestamp="1737736003744" />
        <state x="560" y="157" key="#com.intellij.openapi.updateSettings.impl.PluginUpdateInfoDialog/1920.117.1440.875/0.25.1920.981" timestamp="1740864656701" />
      </component>
    </defaultProject>
  </component>
</application>