<application>
  <component name="Trusted.Paths">
    <option name="TRUSTED_PROJECT_PATHS">
      <map>
        <entry key="$USER_HOME$/IdeaProjects/untitled" value="true" />
        <entry key="$USER_HOME$/Projects/Mobile/src/indoor" value="true" />
        <entry key="$USER_HOME$/Projects/SMP.SBMS.LocalDevEnvironment" value="true" />
        <entry key="$USER_HOME$/Projects/SMP.SBMS.Mobile.Map/src/mapbox_gl/android" value="true" />
        <entry key="$USER_HOME$/Projects/SMP.SBMS.Mobile.Navigation/src/android" value="true" />
        <entry key="$USER_HOME$/Projects/SMP.Soffie.Access.Reader.Android/src/cardreader/reader" value="true" />
      </map>
    </option>
  </component>
</application>