<application>
  <component name="DimensionService">
    <location key="find.popup.0.0.3840.2160@192dpi" x="1448" y="320" />
    <size key="GridCell.Tab.0.left.0.0.3840.2160@192dpi" width="3676" height="554" />
    <size key="GridCell.Tab.0.center.0.0.3840.2160@192dpi" width="3676" height="554" />
    <size key="GridCell.Tab.0.right.0.0.3840.2160@192dpi" width="3676" height="554" />
    <size key="GridCell.Tab.0.bottom.0.0.3840.2160@192dpi" width="3676" height="554" />
    <size key="find.popup.0.0.3840.2160@192dpi" width="1290" height="1620" />
  </component>
  <component name="WindowManager">
    <frame x="0" y="31" width="1920" height="970" extendedState="6" />
  </component>
  <component name="WindowStateApplicationService">
    <state width="571" height="111" key="ShowUsagesActions.dimensionServiceKey" timestamp="1761271350012">
      <screen x="0" y="31" width="1920" height="970" />
    </state>
    <state width="571" height="111" key="ShowUsagesActions.dimensionServiceKey/1920.123.1440.869/0.31.1920.970" timestamp="1761271350012" />
    <state x="960" y="463" width="800" height="655" key="WELCOME_SCREEN" timestamp="1761270983025">
      <screen x="0" y="31" width="1920" height="970" />
    </state>
    <state x="720" y="405" width="800" height="650" key="WELCOME_SCREEN/0.25.1440.817" timestamp="1757118518191" />
    <state x="720" y="408" width="800" height="650" key="WELCOME_SCREEN/0.31.1440.806" timestamp="1759823444021" />
    <state x="820" y="443" width="800" height="650" key="WELCOME_SCREEN/0.31.1440.808" timestamp="1759823411185" />
    <state x="960" y="459" width="800" height="655" key="WELCOME_SCREEN/1920.117.1440.875/0.25.1920.977" timestamp="1755029577174" />
    <state x="960" y="461" width="800" height="658" key="WELCOME_SCREEN/1920.117.1440.875/0.25.1920.979" timestamp="1756857995510" />
    <state x="960" y="462" width="800" height="660" key="WELCOME_SCREEN/1920.117.1440.875/0.25.1920.981" timestamp="1757891312741" />
    <state x="960" y="462" width="800" height="661" key="WELCOME_SCREEN/1920.117.1440.875/0.25.1920.982" timestamp="1756518801364" />
    <state x="960" y="462" width="800" height="652" key="WELCOME_SCREEN/1920.123.1440.869/0.31.1920.968" timestamp="1759535692457" />
    <state x="960" y="463" width="800" height="655" key="WELCOME_SCREEN/1920.123.1440.869/0.31.1920.970" timestamp="1761270983025" />
    <state x="960" y="463" width="800" height="655" key="WELCOME_SCREEN/1920.123.1440.869/0.31.1920.971" timestamp="1759535429045" />
  </component>
</application>