<application>
  <component name="DimensionService">
    <location key="find.popup.0.0.3840.2160@192dpi" x="1448" y="320" />
    <size key="GridCell.Tab.0.left.0.0.3840.2160@192dpi" width="3676" height="554" />
    <size key="GridCell.Tab.0.center.0.0.3840.2160@192dpi" width="3676" height="554" />
    <size key="GridCell.Tab.0.right.0.0.3840.2160@192dpi" width="3676" height="554" />
    <size key="GridCell.Tab.0.bottom.0.0.3840.2160@192dpi" width="3676" height="554" />
    <size key="find.popup.0.0.3840.2160@192dpi" width="1290" height="1620" />
  </component>
  <component name="WindowManager">
    <frame x="0" y="25" width="1920" height="977" extendedState="6" />
  </component>
  <component name="WindowStateApplicationService">
    <state x="960" y="459" width="800" height="655" key="WELCOME_SCREEN" timestamp="1744858430402">
      <screen x="0" y="25" width="1920" height="977" />
    </state>
    <state x="720" y="404" width="800" height="650" key="WELCOME_SCREEN/0.25.1440.813" timestamp="1736906398955" />
    <state x="720" y="404" width="800" height="650" key="WELCOME_SCREEN/0.25.1440.814" timestamp="1744853815573" />
    <state x="720" y="405" width="800" height="650" key="WELCOME_SCREEN/0.25.1440.815" timestamp="1744236765731" />
    <state x="720" y="405" width="800" height="650" key="WELCOME_SCREEN/0.25.1440.817" timestamp="1741560283659" />
    <state x="720" y="406" width="800" height="650" key="WELCOME_SCREEN/0.25.1440.818" timestamp="1740013588531" />
    <state x="960" y="458" width="800" height="655" key="WELCOME_SCREEN/1920.117.1440.875/0.25.1920.975" timestamp="1737514211218" />
    <state x="960" y="459" width="800" height="655" key="WELCOME_SCREEN/1920.117.1440.875/0.25.1920.977" timestamp="1744858430402" />
    <state x="960" y="461" width="800" height="658" key="WELCOME_SCREEN/1920.117.1440.875/0.25.1920.979" timestamp="1744148453590" />
    <state x="960" y="462" width="800" height="660" key="WELCOME_SCREEN/1920.117.1440.875/0.25.1920.981" timestamp="1740864724003" />
    <state x="960" y="459" width="800" height="654" key="WELCOME_SCREEN/1920.125.1440.875/0.25.1920.975" timestamp="1736779253688" />
    <state x="1920" y="691" width="1600" height="1007" key="WELCOME_SCREEN/3840.412.1440.875/0.25.3840.1497" timestamp="1742917424821" />
  </component>
</application>