<code_scheme name="Default (1)" version="173">
  <option name="OTHER_INDENT_OPTIONS">
    <value>
      <option name="USE_TAB_CHARACTER" value="true" />
      <option name="SMART_TABS" value="true" />
    </value>
  </option>
  <option name="RIGHT_MARGIN" value="200" />
  <JavaCodeStyleSettings>
    <option name="ALIGN_MULTILINE_ANNOTATION_PARAMETERS" value="true" />
  </JavaCodeStyleSettings>
  <JetCodeStyleSettings>
    <option name="CONTINUATION_INDENT_IN_PARAMETER_LISTS" value="false" />
    <option name="CONTINUATION_INDENT_IN_ARGUMENT_LISTS" value="false" />
    <option name="CONTINUATION_INDENT_FOR_EXPRESSION_BODIES" value="false" />
    <option name="CONTINUATION_INDENT_FOR_CHAINED_CALLS" value="false" />
    <option name="CONTINUATION_INDENT_IN_SUPERTYPE_LISTS" value="false" />
    <option name="CONTINUATION_INDENT_IN_IF_CONDITIONS" value="false" />
    <option name="WRAP_EXPRESSION_BODY_FUNCTIONS" value="1" />
    <option name="IF_RPAREN_ON_NEW_LINE" value="true" />
  </JetCodeStyleSettings>
  <codeStyleSettings language="Groovy">
    <indentOptions>
      <option name="CONTINUATION_INDENT_SIZE" value="4" />
      <option name="USE_TAB_CHARACTER" value="true" />
      <option name="SMART_TABS" value="true" />
    </indentOptions>
  </codeStyleSettings>
  <codeStyleSettings language="HTML">
    <indentOptions>
      <option name="USE_TAB_CHARACTER" value="true" />
      <option name="SMART_TABS" value="true" />
    </indentOptions>
  </codeStyleSettings>
  <codeStyleSettings language="JAVA">
    <option name="KEEP_SIMPLE_BLOCKS_IN_ONE_LINE" value="true" />
    <option name="KEEP_SIMPLE_METHODS_IN_ONE_LINE" value="true" />
    <option name="KEEP_SIMPLE_LAMBDAS_IN_ONE_LINE" value="true" />
    <option name="KEEP_SIMPLE_CLASSES_IN_ONE_LINE" value="true" />
    <option name="METHOD_ANNOTATION_WRAP" value="0" />
    <option name="FIELD_ANNOTATION_WRAP" value="0" />
    <indentOptions>
      <option name="CONTINUATION_INDENT_SIZE" value="4" />
      <option name="USE_TAB_CHARACTER" value="true" />
      <option name="SMART_TABS" value="true" />
    </indentOptions>
    <arrangement>
      <groups>
        <group>
          <type>GETTERS_AND_SETTERS</type>
          <order>KEEP</order>
        </group>
        <group>
          <type>OVERRIDDEN_METHODS</type>
          <order>KEEP</order>
        </group>
      </groups>
    </arrangement>
  </codeStyleSettings>
  <codeStyleSettings language="JSON">
    <indentOptions>
      <option name="USE_TAB_CHARACTER" value="true" />
    </indentOptions>
  </codeStyleSettings>
  <codeStyleSettings language="XML">
    <indentOptions>
      <option name="USE_TAB_CHARACTER" value="true" />
      <option name="SMART_TABS" value="true" />
    </indentOptions>
  </codeStyleSettings>
  <codeStyleSettings language="kotlin">
    <option name="CALL_PARAMETERS_WRAP" value="5" />
    <option name="CALL_PARAMETERS_LPAREN_ON_NEXT_LINE" value="true" />
    <option name="CALL_PARAMETERS_RPAREN_ON_NEXT_LINE" value="true" />
    <option name="METHOD_PARAMETERS_WRAP" value="5" />
    <option name="METHOD_PARAMETERS_LPAREN_ON_NEXT_LINE" value="true" />
    <option name="METHOD_PARAMETERS_RPAREN_ON_NEXT_LINE" value="true" />
    <option name="EXTENDS_LIST_WRAP" value="1" />
    <option name="METHOD_CALL_CHAIN_WRAP" value="1" />
    <option name="ASSIGNMENT_WRAP" value="1" />
    <indentOptions>
      <option name="USE_TAB_CHARACTER" value="true" />
      <option name="SMART_TABS" value="true" />
    </indentOptions>
  </codeStyleSettings>
</code_scheme>