<application>
  <component name="CPPToolchains" version="6">
    <toolchains detectedVersion="5">
      <toolchain name="Visual Studio" toolSetKind="MSVC" toolSetPath="C:\Program Files (x86)\Microsoft Visual Studio\2019\Enterprise" debuggerKind="BUNDLED_LLDB">
        <toolSetOption type="msvc.arch" value="amd64" />
      </toolchain>
      <toolchain name="Clang" toolSetKind="MSVC" toolSetPath="C:\Program Files (x86)\Microsoft Visual Studio\2019\Enterprise" customCCompilerPath="C:\Program Files (x86)\Microsoft Visual Studio\2019\Enterprise\VC\Tools\Llvm\bin\clang-cl.exe" customCXXCompilerPath="C:\Program Files (x86)\Microsoft Visual Studio\2019\Enterprise\VC\Tools\Llvm\bin\clang-cl.exe" debuggerKind="BUNDLED_LLDB">
        <toolSetOption type="msvc.arch" value="amd64" />
      </toolchain>
      <toolchain name="WSL-Ubuntu" toolSetKind="WSL" toolSetPath="Ubuntu-20.04" customCMakePath="\usr\bin\cmake" debuggerKind="CUSTOM_GDB" customGDBPath="\usr\bin\gdb" />
      <toolchain name="WSL-Debian" toolSetKind="WSL" toolSetPath="Debian" customCMakePath="\usr\bin\cmake" debuggerKind="CUSTOM_GDB" customGDBPath="\usr\bin\gdb" />
    </toolchains>
  </component>
</application>