<keymap version="1" name="Rider copy" parent="Rider">
  <action id="$Redo">
    <keyboard-shortcut first-keystroke="ctrl y" />
  </action>
  <action id="AddToFavoritesPopup" />
  <action id="Arrangement.Alias.Rule.Edit" />
  <action id="Arrangement.Rule.Edit" />
  <action id="Arrangement.Rule.Group.Condition.Move.Up" />
  <action id="Arrangement.Rule.Match.Condition.Move.Down" />
  <action id="Arrangement.Rule.Match.Condition.Move.Up" />
  <action id="Back">
    <keyboard-shortcut first-keystroke="alt left" />
  </action>
  <action id="BaseOnThisFunction" />
  <action id="BuildSolutionAction">
    <keyboard-shortcut first-keystroke="shift ctrl b" />
  </action>
  <action id="ChangeSignature" />
  <action id="ChangesView.AddUnversioned" />
  <action id="ChangesView.Diff" />
  <action id="ChangesView.Revert" />
  <action id="CheckinProject" />
  <action id="ChooseDebugConfiguration">
    <keyboard-shortcut first-keystroke="ctrl f6" />
  </action>
  <action id="ChooseRunConfiguration">
    <keyboard-shortcut first-keystroke="ctrl f5" />
  </action>
  <action id="CloseActiveTab" />
  <action id="CompareTwoFiles" />
  <action id="Compile" />
  <action id="CompileDirty" />
  <action id="Console.Open" />
  <action id="Console.TableResult.CloneRow" />
  <action id="Console.TableResult.DeleteRows" />
  <action id="Console.TableResult.EditValue">
    <keyboard-shortcut first-keystroke="enter" />
    <keyboard-shortcut first-keystroke="alt enter" />
  </action>
  <action id="CopyElement" />
  <action id="Database.OpenDbStorageAction" />
  <action id="DatabaseView.CopyAction" />
  <action id="DatabaseView.CopyTable" />
  <action id="Debug">
    <keyboard-shortcut first-keystroke="f6" />
  </action>
  <action id="Debugger.EditTypeSource" />
  <action id="Diff.NextChange" />
  <action id="Diff.PrevChange" />
  <action id="EditBreakpoint" />
  <action id="EditSource" />
  <action id="EditSourceInNewWindow" />
  <action id="Editor Redo">
    <keyboard-shortcut first-keystroke="ctrl y" />
  </action>
  <action id="EditorCloneCaretAbove">
    <keyboard-shortcut first-keystroke="shift alt up" />
  </action>
  <action id="EditorCloneCaretBelow">
    <keyboard-shortcut first-keystroke="shift alt down" />
  </action>
  <action id="EditorCodeBlockEndWithSelection" />
  <action id="EditorCodeBlockStartWithSelection" />
  <action id="EditorDeleteLine">
    <keyboard-shortcut first-keystroke="ctrl l" />
  </action>
  <action id="EditorDuplicate" />
  <action id="EditorMatchBrace" />
  <action id="EditorSelectWord" />
  <action id="EvaluateExpression">
    <keyboard-shortcut first-keystroke="shift f9" />
  </action>
  <action id="FileChooser.GotoDesktop" />
  <action id="FileChooser.TogglePathShowing" />
  <action id="FileStructurePopup">
    <keyboard-shortcut first-keystroke="ctrl o" />
  </action>
  <action id="FindInPath">
    <keyboard-shortcut first-keystroke="ctrl h" />
  </action>
  <action id="FindNext" />
  <action id="FindPrevious">
    <keyboard-shortcut first-keystroke="shift ctrl l" />
  </action>
  <action id="FindUsages">
    <keyboard-shortcut first-keystroke="shift ctrl g" />
  </action>
  <action id="FindUsagesInFile">
    <keyboard-shortcut first-keystroke="f7" />
  </action>
  <action id="ForceRunToCursor">
    <keyboard-shortcut first-keystroke="shift ctrl f8" />
  </action>
  <action id="ForceStepInto">
    <keyboard-shortcut first-keystroke="shift ctrl f11" />
  </action>
  <action id="ForceStepOver">
    <keyboard-shortcut first-keystroke="shift ctrl f10" />
  </action>
  <action id="Forward">
    <keyboard-shortcut first-keystroke="alt right" />
  </action>
  <action id="Git.Reword.Commit" />
  <action id="GotoClass">
    <keyboard-shortcut first-keystroke="shift ctrl t" />
  </action>
  <action id="GotoDeclaration">
    <keyboard-shortcut first-keystroke="f3" />
  </action>
  <action id="GotoFile">
    <keyboard-shortcut first-keystroke="shift ctrl r" />
  </action>
  <action id="GotoNextError" />
  <action id="GotoSuperMethod">
    <keyboard-shortcut first-keystroke="shift f3" />
  </action>
  <action id="GotoSymbol">
    <keyboard-shortcut first-keystroke="shift ctrl n" />
  </action>
  <action id="GotoTest" />
  <action id="GotoTypeDeclaration" />
  <action id="HighlightUsagesInFile">
    <keyboard-shortcut first-keystroke="ctrl f7" />
  </action>
  <action id="Images.ShowThumbnails" />
  <action id="IntroduceParameter" />
  <action id="JumpToStatement">
    <keyboard-shortcut first-keystroke="shift alt f8" />
  </action>
  <action id="MethodDown" />
  <action id="MethodHierarchy" />
  <action id="MethodUp" />
  <action id="ModifyObject" />
  <action id="Move" />
  <action id="MoveLineDown">
    <keyboard-shortcut first-keystroke="alt down" />
  </action>
  <action id="MoveLineUp">
    <keyboard-shortcut first-keystroke="alt up" />
  </action>
  <action id="MoveStatementDown" />
  <action id="MoveStatementUp" />
  <action id="NextDiff" />
  <action id="NextTab" />
  <action id="OptimizeImports">
    <keyboard-shortcut first-keystroke="shift ctrl o" />
  </action>
  <action id="OverrideMethods" />
  <action id="PreviousTab" />
  <action id="QuickJavaDoc">
    <keyboard-shortcut first-keystroke="f2" />
  </action>
  <action id="ReSharperGotoImplementation">
    <keyboard-shortcut first-keystroke="ctrl t" />
    <keyboard-shortcut first-keystroke="shift ctrl m" />
  </action>
  <action id="ReSharperNavigateTo" />
  <action id="ReformatCode">
    <keyboard-shortcut first-keystroke="shift alt f" />
  </action>
  <action id="Refresh" />
  <action id="RenameElement">
    <keyboard-shortcut first-keystroke="shift alt r" />
  </action>
  <action id="Replace">
    <keyboard-shortcut first-keystroke="shift ctrl f" />
  </action>
  <action id="ReplaceInPath">
    <keyboard-shortcut first-keystroke="shift ctrl h" />
  </action>
  <action id="Rerun" />
  <action id="Resume">
    <keyboard-shortcut first-keystroke="f8" />
  </action>
  <action id="RiderOpenSolution" />
  <action id="RiderUnitTestDebugContextTwAction" />
  <action id="Run">
    <keyboard-shortcut first-keystroke="f5" />
  </action>
  <action id="RunClass" />
  <action id="RunDashboard.CopyConfiguration" />
  <action id="RunDashboard.Run" />
  <action id="RunToCursor">
    <keyboard-shortcut first-keystroke="ctrl f8" />
  </action>
  <action id="SendEOF" />
  <action id="ShelvedChanges.Rename">
    <keyboard-shortcut first-keystroke="shift f6" />
  </action>
  <action id="ShowBookmarks">
    <keyboard-shortcut first-keystroke="alt b" />
  </action>
  <action id="ShowContent" />
  <action id="ShowSearchHistory" />
  <action id="ShowSettingsAndFindUsages">
    <keyboard-shortcut first-keystroke="shift ctrl alt g" />
  </action>
  <action id="ShowUsages">
    <keyboard-shortcut first-keystroke="shift ctrl f7" />
  </action>
  <action id="SmartStepInto">
    <keyboard-shortcut first-keystroke="ctrl f11" />
  </action>
  <action id="StepInto">
    <keyboard-shortcut first-keystroke="f11" />
  </action>
  <action id="StepOut">
    <keyboard-shortcut first-keystroke="shift f11" />
  </action>
  <action id="StepOver">
    <keyboard-shortcut first-keystroke="f10" />
  </action>
  <action id="Stop">
    <keyboard-shortcut first-keystroke="shift f5" />
  </action>
  <action id="StopOnException">
    <keyboard-shortcut first-keystroke="ctrl w" />
  </action>
  <action id="ToggleBookmark">
    <keyboard-shortcut first-keystroke="ctrl b" />
  </action>
  <action id="ToggleBookmarkWithMnemonic" />
  <action id="ToggleBreakpointEnabled">
    <keyboard-shortcut first-keystroke="ctrl f9" />
  </action>
  <action id="ToggleLineBreakpoint">
    <keyboard-shortcut first-keystroke="f9" />
  </action>
  <action id="TypeHierarchy">
    <keyboard-shortcut first-keystroke="f4" />
  </action>
  <action id="TypeHierarchy.Subtypes">
    <keyboard-shortcut first-keystroke="shift ctrl f4" />
  </action>
  <action id="TypeHierarchy.Supertypes">
    <keyboard-shortcut first-keystroke="shift f4" />
  </action>
  <action id="TypeHierarchyBase.BaseOnThisType" />
  <action id="UsageView.Rerun" />
  <action id="Vcs.Log.FocusTextFilter" />
  <action id="Vcs.UpdateProject" />
  <action id="ViewBreakpoints">
    <keyboard-shortcut first-keystroke="shift ctrl f9" />
  </action>
  <action id="XDebugger.CopyWatch" />
  <action id="XDebugger.EditWatch" />
  <action id="XDebugger.JumpToSource" />
  <action id="XDebugger.JumpToTypeSource" />
  <action id="XDebugger.MoveWatchDown" />
  <action id="XDebugger.SetValue" />
  <action id="openAssertEqualsDiff" />
</keymap>