<keymap version="1" name="Default copy" parent="$default">
  <action id="$Redo">
    <keyboard-shortcut first-keystroke="ctrl y" />
  </action>
  <action id="$Undo">
    <keyboard-shortcut first-keystroke="ctrl z" />
  </action>
  <action id="ActivateLogcatToolWindow">
    <keyboard-shortcut first-keystroke="alt 6" />
  </action>
  <action id="ActivateTODOToolWindow" />
  <action id="AddToFavoritesPopup" />
  <action id="Android.CleanRun" />
  <action id="Arrangement.Alias.Rule.Edit" />
  <action id="Arrangement.Alias.Rule.Match.Condition.Move.Up" />
  <action id="Arrangement.Rule.Edit" />
  <action id="Arrangement.Rule.Match.Condition.Move.Down" />
  <action id="Arrangement.Rule.Match.Condition.Move.Up" />
  <action id="Back">
    <keyboard-shortcut first-keystroke="alt left" />
  </action>
  <action id="ChangeSignature" />
  <action id="ChangesView.Rename">
    <keyboard-shortcut first-keystroke="shift f6" />
  </action>
  <action id="ChooseDebugConfiguration">
    <keyboard-shortcut first-keystroke="ctrl f6" />
  </action>
  <action id="ChoosePrevSubsequentPropertyValueEditorAction" />
  <action id="ChooseRunConfiguration">
    <keyboard-shortcut first-keystroke="ctrl f5" />
  </action>
  <action id="CollapseAllRegions">
    <keyboard-shortcut first-keystroke="shift ctrl subtract" />
  </action>
  <action id="CompileDirty">
    <keyboard-shortcut first-keystroke="shift ctrl alt b" />
  </action>
  <action id="Console.Open" />
  <action id="CopyElement" />
  <action id="Debug">
    <keyboard-shortcut first-keystroke="f6" />
  </action>
  <action id="Debugger.EditArrayFilter" />
  <action id="Debugger.EditCustomField" />
  <action id="Diff.NextChange" />
  <action id="Diff.PrevChange" />
  <action id="EditBreakpoint" />
  <action id="EditSource">
    <keyboard-shortcut first-keystroke="f12" />
  </action>
  <action id="Editor Redo">
    <keyboard-shortcut first-keystroke="ctrl y" />
  </action>
  <action id="EditorCloneCaretAbove">
    <keyboard-shortcut first-keystroke="shift alt up" />
  </action>
  <action id="EditorCloneCaretBelow">
    <keyboard-shortcut first-keystroke="shift alt down" />
  </action>
  <action id="EditorDeleteLine">
    <keyboard-shortcut first-keystroke="ctrl l" />
  </action>
  <action id="EvaluateExpression">
    <keyboard-shortcut first-keystroke="shift f9" />
  </action>
  <action id="ExpandAllRegions">
    <keyboard-shortcut first-keystroke="shift ctrl add" />
  </action>
  <action id="FileStructurePopup">
    <keyboard-shortcut first-keystroke="ctrl o" />
  </action>
  <action id="Find">
    <keyboard-shortcut first-keystroke="ctrl f" />
  </action>
  <action id="FindInPath">
    <keyboard-shortcut first-keystroke="ctrl h" />
  </action>
  <action id="FindNext" />
  <action id="FindPrevious">
    <keyboard-shortcut first-keystroke="shift ctrl l" />
  </action>
  <action id="FindUsages">
    <keyboard-shortcut first-keystroke="shift ctrl g" />
  </action>
  <action id="FindUsagesInFile">
    <keyboard-shortcut first-keystroke="f7" />
  </action>
  <action id="ForceRunToCursor">
    <keyboard-shortcut first-keystroke="shift ctrl f8" />
  </action>
  <action id="ForceStepInto">
    <keyboard-shortcut first-keystroke="shift ctrl f11" />
  </action>
  <action id="ForceStepOver">
    <keyboard-shortcut first-keystroke="shift ctrl f10" />
  </action>
  <action id="Forward">
    <keyboard-shortcut first-keystroke="alt right" />
  </action>
  <action id="Git.Reword.Commit">
    <keyboard-shortcut first-keystroke="shift f6" />
  </action>
  <action id="GotoClass">
    <keyboard-shortcut first-keystroke="shift ctrl t" />
  </action>
  <action id="GotoDeclaration">
    <keyboard-shortcut first-keystroke="f3" />
  </action>
  <action id="GotoFile">
    <keyboard-shortcut first-keystroke="shift ctrl r" />
  </action>
  <action id="GotoImplementation">
    <keyboard-shortcut first-keystroke="ctrl t" />
  </action>
  <action id="GotoNextError" />
  <action id="GotoSuperMethod">
    <keyboard-shortcut first-keystroke="shift f3" />
  </action>
  <action id="GotoSymbol">
    <keyboard-shortcut first-keystroke="shift ctrl n" />
  </action>
  <action id="GotoTest" />
  <action id="GotoTypeDeclaration">
    <mouse-shortcut keystroke="shift control button1" />
  </action>
  <action id="HighlightUsagesInFile">
    <keyboard-shortcut first-keystroke="ctrl f7" />
  </action>
  <action id="Images.ShowThumbnails" />
  <action id="JumpToLastWindow" />
  <action id="MakeGradleModule">
    <keyboard-shortcut first-keystroke="shift ctrl b" />
  </action>
  <action id="MakeModule" />
  <action id="MethodDown" />
  <action id="MethodHierarchy" />
  <action id="MethodHierarchy.OverrideMethodAction" />
  <action id="MethodUp" />
  <action id="Move" />
  <action id="MoveLineDown">
    <keyboard-shortcut first-keystroke="alt down" />
  </action>
  <action id="MoveLineUp">
    <keyboard-shortcut first-keystroke="alt up" />
  </action>
  <action id="MoveStatementDown" />
  <action id="MoveStatementUp" />
  <action id="NextDiff" />
  <action id="NextTab" />
  <action id="OptimizeImports">
    <keyboard-shortcut first-keystroke="shift ctrl o" />
  </action>
  <action id="OverrideMethods" />
  <action id="PreviousTab" />
  <action id="QuickImplementations" />
  <action id="QuickJavaDoc">
    <mouse-shortcut keystroke="alt button2" />
    <keyboard-shortcut first-keystroke="f2" />
  </action>
  <action id="RearrangeCode">
    <keyboard-shortcut first-keystroke="ctrl alt o" />
  </action>
  <action id="ReformatCode">
    <keyboard-shortcut first-keystroke="shift alt f" />
  </action>
  <action id="Refresh" />
  <action id="RenameElement">
    <keyboard-shortcut first-keystroke="shift alt r" />
  </action>
  <action id="Replace">
    <keyboard-shortcut first-keystroke="shift ctrl f" />
  </action>
  <action id="ReplaceInPath">
    <keyboard-shortcut first-keystroke="shift ctrl h" />
  </action>
  <action id="RerunTests" />
  <action id="Resume">
    <keyboard-shortcut first-keystroke="f8" />
  </action>
  <action id="Run">
    <keyboard-shortcut first-keystroke="f5" />
  </action>
  <action id="RunClass" />
  <action id="RunDashboard.Run" />
  <action id="RunDashboard.ShowConfigurations" />
  <action id="RunToCursor">
    <keyboard-shortcut first-keystroke="ctrl f8" />
  </action>
  <action id="ShelvedChanges.Rename">
    <keyboard-shortcut first-keystroke="shift f6" />
  </action>
  <action id="ShowBookmarks">
    <keyboard-shortcut first-keystroke="alt b" />
  </action>
  <action id="ShowContent" />
  <action id="ShowSearchHistory" />
  <action id="ShowSettingsAndFindUsages">
    <keyboard-shortcut first-keystroke="shift ctrl alt g" />
  </action>
  <action id="ShowUsages">
    <keyboard-shortcut first-keystroke="shift ctrl f7" />
  </action>
  <action id="SmartStepInto">
    <keyboard-shortcut first-keystroke="ctrl f11" />
  </action>
  <action id="StepInto">
    <keyboard-shortcut first-keystroke="f11" />
  </action>
  <action id="StepOut">
    <keyboard-shortcut first-keystroke="shift f11" />
  </action>
  <action id="StepOver">
    <keyboard-shortcut first-keystroke="f10" />
  </action>
  <action id="Stop">
    <keyboard-shortcut first-keystroke="shift f5" />
  </action>
  <action id="ToggleBookmark">
    <keyboard-shortcut first-keystroke="ctrl b" />
  </action>
  <action id="ToggleBookmarkWithMnemonic" />
  <action id="ToggleBreakpointEnabled">
    <keyboard-shortcut first-keystroke="ctrl f9" />
  </action>
  <action id="ToggleLineBreakpoint">
    <keyboard-shortcut first-keystroke="f9" />
  </action>
  <action id="TypeHierarchy">
    <keyboard-shortcut first-keystroke="f4" />
  </action>
  <action id="TypeHierarchy.BaseOnThisType" />
  <action id="TypeHierarchyBase.BaseOnThisType" />
  <action id="UpdateRunningApplication" />
  <action id="Vcs.Log.FocusTextFilter" />
  <action id="Vcs.UpdateProject" />
  <action id="ViewBreakpoints">
    <keyboard-shortcut first-keystroke="shift ctrl f9" />
  </action>
  <action id="XDebugger.EditWatch" />
  <action id="XDebugger.MoveWatchDown" />
  <action id="XDebugger.MoveWatchUp" />
  <action id="XDebugger.SetValue" />
  <action id="android.deploy.ApplyChanges">
    <keyboard-shortcut first-keystroke="ctrl f10" />
  </action>
  <action id="android.deploy.CodeSwap">
    <keyboard-shortcut first-keystroke="ctrl alt f10" />
  </action>
</keymap>