<keymap version="1" name="Eclipse copy" parent="Eclipse">
  <action id="AddToFavoritesPopup" />
  <action id="Arrangement.Rule.Match.Condition.Move.Down" />
  <action id="Arrangement.Rule.Match.Condition.Move.Up" />
  <action id="ChooseDebugConfiguration">
    <keyboard-shortcut first-keystroke="ctrl f6" />
  </action>
  <action id="ChooseRunConfiguration">
    <keyboard-shortcut first-keystroke="ctrl f5" />
  </action>
  <action id="CollapseAllRegions">
    <keyboard-shortcut first-keystroke="shift ctrl subtract" />
  </action>
  <action id="Compile" />
  <action id="CompileDirty">
    <keyboard-shortcut first-keystroke="shift ctrl b" />
  </action>
  <action id="Console.Open" />
  <action id="Debug">
    <keyboard-shortcut first-keystroke="f6" />
  </action>
  <action id="Debugger.EditTypeSource" />
  <action id="EditBreakpoint" />
  <action id="EditSourceInNewWindow" />
  <action id="EditorCloneCaretAbove">
    <keyboard-shortcut first-keystroke="shift alt up" />
  </action>
  <action id="EditorCloneCaretBelow">
    <keyboard-shortcut first-keystroke="shift alt down" />
  </action>
  <action id="EditorDeleteLine">
    <keyboard-shortcut first-keystroke="ctrl l" />
  </action>
  <action id="EditorMatchBrace" />
  <action id="EditorSelectWord" />
  <action id="EditorUnSelectWord" />
  <action id="EvaluateExpression">
    <keyboard-shortcut first-keystroke="shift f9" />
  </action>
  <action id="ExpandAllRegions">
    <keyboard-shortcut first-keystroke="shift ctrl add" />
  </action>
  <action id="ExpressionTypeInfo">
    <keyboard-shortcut first-keystroke="shift ctrl p" />
  </action>
  <action id="FileChooser.TogglePathShowing" />
  <action id="Find">
    <keyboard-shortcut first-keystroke="ctrl f" />
  </action>
  <action id="FindNext" />
  <action id="FindUsages">
    <keyboard-shortcut first-keystroke="shift ctrl g" />
  </action>
  <action id="FindUsagesInFile">
    <keyboard-shortcut first-keystroke="f7" />
  </action>
  <action id="Flutter.Toolbar.ReloadAction">
    <keyboard-shortcut first-keystroke="ctrl r" />
  </action>
  <action id="ForceRunToCursor">
    <keyboard-shortcut first-keystroke="shift ctrl f8" />
  </action>
  <action id="ForceStepInto">
    <keyboard-shortcut first-keystroke="shift ctrl f11" />
  </action>
  <action id="ForceStepOver">
    <keyboard-shortcut first-keystroke="shift ctrl f10" />
  </action>
  <action id="GotoLine">
    <keyboard-shortcut first-keystroke="ctrl g" />
  </action>
  <action id="GotoSuperMethod">
    <keyboard-shortcut first-keystroke="shift f3" />
  </action>
  <action id="GotoSymbol">
    <keyboard-shortcut first-keystroke="shift ctrl n" />
  </action>
  <action id="GuiDesigner.QuickJavadoc">
    <mouse-shortcut keystroke="alt button2" />
    <keyboard-shortcut first-keystroke="f2" />
  </action>
  <action id="HighlightUsagesInFile">
    <keyboard-shortcut first-keystroke="ctrl f7" />
  </action>
  <action id="IntroduceParameter" />
  <action id="Jdbc.RunSqlScript" />
  <action id="Jpa.OpenConsole" />
  <action id="MakeModule">
    <keyboard-shortcut first-keystroke="shift ctrl alt b" />
  </action>
  <action id="MethodHierarchy" />
  <action id="MoveLineDown">
    <keyboard-shortcut first-keystroke="alt down" />
  </action>
  <action id="MoveLineUp">
    <keyboard-shortcut first-keystroke="alt up" />
  </action>
  <action id="MoveStatementDown" />
  <action id="MoveStatementUp" />
  <action id="NextDiff" />
  <action id="NextTab">
    <keyboard-shortcut first-keystroke="ctrl alt left" />
    <keyboard-shortcut first-keystroke="ctrl page_down" />
  </action>
  <action id="OptimizeImports">
    <keyboard-shortcut first-keystroke="shift alt o" />
  </action>
  <action id="PackageFile" />
  <action id="ParameterInfo">
    <keyboard-shortcut first-keystroke="ctrl p" />
  </action>
  <action id="Print" />
  <action id="QuickImplementations">
    <keyboard-shortcut first-keystroke="alt f3" />
  </action>
  <action id="QuickJavaDoc">
    <mouse-shortcut keystroke="alt button2" />
    <keyboard-shortcut first-keystroke="f2" />
  </action>
  <action id="ReformatCode">
    <keyboard-shortcut first-keystroke="shift alt f" />
  </action>
  <action id="Replace">
    <keyboard-shortcut first-keystroke="shift ctrl f" />
  </action>
  <action id="ReplaceInPath">
    <keyboard-shortcut first-keystroke="shift ctrl h" />
  </action>
  <action id="Rerun" />
  <action id="Resume">
    <keyboard-shortcut first-keystroke="f8" />
  </action>
  <action id="Run">
    <keyboard-shortcut first-keystroke="f5" />
  </action>
  <action id="RunClass" />
  <action id="RunDashboard.Run" />
  <action id="RunTargetAction" />
  <action id="RunToCursor">
    <keyboard-shortcut first-keystroke="ctrl f8" />
  </action>
  <action id="ShowBookmarks">
    <keyboard-shortcut first-keystroke="alt b" />
  </action>
  <action id="ShowContent" />
  <action id="ShowPopupMenu">
    <keyboard-shortcut first-keystroke="ctrl n" />
    <keyboard-shortcut first-keystroke="shift alt s" />
    <keyboard-shortcut first-keystroke="shift alt t" />
  </action>
  <action id="ShowSearchHistory" />
  <action id="ShowSettingsAndFindUsages">
    <keyboard-shortcut first-keystroke="shift ctrl alt g" />
  </action>
  <action id="ShowUsages">
    <keyboard-shortcut first-keystroke="shift ctrl f7" />
  </action>
  <action id="SmartSelect" />
  <action id="SmartStepInto">
    <keyboard-shortcut first-keystroke="ctrl f11" />
  </action>
  <action id="SmartTypeCompletion">
    <keyboard-shortcut first-keystroke="shift ctrl space" />
  </action>
  <action id="StepInto">
    <keyboard-shortcut first-keystroke="f11" />
  </action>
  <action id="StepOut">
    <keyboard-shortcut first-keystroke="shift f11" />
  </action>
  <action id="StepOver">
    <keyboard-shortcut first-keystroke="f10" />
  </action>
  <action id="Stop">
    <keyboard-shortcut first-keystroke="shift f5" />
  </action>
  <action id="SwitchApply">
    <keyboard-shortcut first-keystroke="shift alt enter" />
  </action>
  <action id="SwitchLeft">
    <keyboard-shortcut first-keystroke="shift alt left" />
  </action>
  <action id="SwitchRight">
    <keyboard-shortcut first-keystroke="shift alt right" />
  </action>
  <action id="ToggleBookmark">
    <keyboard-shortcut first-keystroke="ctrl b" />
  </action>
  <action id="ToggleBreakpointEnabled">
    <keyboard-shortcut first-keystroke="ctrl f9" />
  </action>
  <action id="ToggleFullScreen">
    <keyboard-shortcut first-keystroke="shift alt enter" />
  </action>
  <action id="ToggleLineBreakpoint">
    <keyboard-shortcut first-keystroke="f9" />
  </action>
  <action id="TypeHierarchy.Supertypes">
    <keyboard-shortcut first-keystroke="shift f4" />
  </action>
  <action id="UML.ApplyCurrentLayout" />
  <action id="UpdateRunningApplication" />
  <action id="UsageView.Rerun" />
  <action id="UsageView.ShowRecentFindUsages" />
  <action id="Vcs.Log.FocusTextFilter" />
  <action id="Vcs.Log.ShowTooltip">
    <mouse-shortcut keystroke="alt button2" />
    <keyboard-shortcut first-keystroke="f2" />
  </action>
  <action id="ViewBreakpoints">
    <keyboard-shortcut first-keystroke="shift ctrl f9" />
  </action>
  <action id="android.deploy.ApplyChanges">
    <keyboard-shortcut first-keystroke="ctrl f10" />
  </action>
  <action id="android.deploy.CodeSwap">
    <keyboard-shortcut first-keystroke="ctrl alt f10" />
  </action>
</keymap>