<application>
  <component name="CPPToolchains" version="4">
    <toolchains detectedVersion="5">
      <toolchain name="Visual Studio" toolSetKind="MSVC" toolSetPath="C:\Program Files (x86)\Microsoft Visual Studio\2019\Enterprise" debuggerKind="BUNDLED_LLDB">
        <toolSetOption type="msvc.arch" value="amd64" />
      </toolchain>
      <toolchain name="clang-cl" toolSetKind="MSVC" toolSetPath="C:\Program Files (x86)\Microsoft Visual Studio\2019\Enterprise" customCCompilerPath="C:\Program Files\LLVM\bin\clang-cl.exe" customCXXCompilerPath="C:\Program Files\LLVM\bin\clang-cl.exe" debuggerKind="BUNDLED_LLDB">
        <toolSetOption type="msvc.arch" value="amd64" />
      </toolchain>
    </toolchains>
  </component>
</application>