<application>
  <component name="com.codeium.intellij.settings.AppSettingsState">
    <option name="cascadeOnboardingCompleted" value="true" />
    <option name="completedCascadeOnboardingItems">
      <list>
        <option value="ONBOARDING_ACTION_TYPE_CHAT" />
        <option value="ONBOARDING_ACTION_TYPE_COMMAND" />
      </list>
    </option>
    <option name="firstInstall" value="false" />
    <option name="hasShownPreReleaseNotification" value="true" />
    <option name="showCascadeWelcomePage" value="false" />
  </component>
</application>