<application>
  <component name="GeneralSettings">
    <option name="showTipsOnStartup" value="true" />
    <option name="searchInBackground" value="true" />
    <option name="confirmOpenNewProject2" value="-1" />
  </component>
  <component name="Registry">
    <entry key="ide.experimental.ui" value="true" source="SYSTEM" />
    <entry key="debugger.watches.in.variables" value="false" source="SYSTEM" />
    <entry key="debugger.new.tool.window.layout" value="true" source="SYSTEM" />
    <entry key="ide.browser.jcef.sandbox.enable" value="false" source="SYSTEM" />
    <entry key="ide.balloon.shadow.size" value="0" source="SYSTEM" />
    <entry key="ide.editor.tab.selection.animation" value="true" source="SYSTEM" />
    <entry key="ide.new.editor.tabs.vertical.borders" value="true" source="SYSTEM" />
    <entry key="ide.animate.toolwindows" value="true" source="SYSTEM" />
    <entry key="moved.to.new.ui" value="true" source="SYSTEM" />
    <entry key="com.android.studio.ml.activeModel" value="com.android.studio.ml.AidaModel" source="SYSTEM" />
    <entry key="ide.images.show.chessboard" value="true" source="SYSTEM" />
  </component>
</application>