<application>
  <component name="KotlinLibrariesCompatibilityStore">
    <option name="ideVersion" value="Narwhal Feature Drop | 2025.1.2 Canary 6" />
    <option name="libraries">
      <list>
        <KotlinLibraryCompatibilityEntry>
          <option name="artifactId" value="kotlinx-coroutines-core" />
          <option name="groupId" value="org.jetbrains.kotlinx" />
          <option name="versions">
            <map>
              <entry key="1.5" value="1.5.2" />
              <entry key="1.6" value="1.6.4" />
              <entry key="1.7" value="1.6.4" />
              <entry key="1.8" value="1.7.3" />
              <entry key="1.9" value="1.8.1" />
              <entry key="2.0" value="1.9.0" />
              <entry key="2.1" value="1.9.0" />
            </map>
          </option>
        </KotlinLibraryCompatibilityEntry>
        <KotlinLibraryCompatibilityEntry>
          <option name="artifactId" value="kotlinx-datetime" />
          <option name="groupId" value="org.jetbrains.kotlinx" />
          <option name="versions">
            <map>
              <entry key="1.5" value="0.3.1" />
              <entry key="1.6" value="0.3.2" />
              <entry key="1.7" value="0.4.0" />
              <entry key="1.8" value="0.4.1" />
              <entry key="1.9" value="0.6.1" />
              <entry key="2.0" value="0.6.1" />
              <entry key="2.1" value="0.6.1" />
            </map>
          </option>
        </KotlinLibraryCompatibilityEntry>
        <KotlinLibraryCompatibilityEntry>
          <option name="artifactId" value="kotlinx-serialization-json" />
          <option name="groupId" value="org.jetbrains.kotlinx" />
          <option name="versions">
            <map>
              <entry key="1.5" value="1.2.2" />
              <entry key="1.6" value="1.3.3" />
              <entry key="1.7" value="1.4.1" />
              <entry key="1.8" value="1.5.1" />
              <entry key="1.9" value="1.6.3" />
              <entry key="2.0" value="1.7.3" />
              <entry key="2.1" value="1.7.3" />
            </map>
          </option>
        </KotlinLibraryCompatibilityEntry>
      </list>
    </option>
  </component>
</application>