<application>
  <component name="ProjectManager">
    <defaultProject>
      <component name="AutoImportSettings">
        <option name="autoReloadType" value="NONE" />
      </component>
      <component name="DeviceStreaming">
        <option name="deviceSelectionList">
          <list>
            <PersistentDeviceSelectionData>
              <option name="api" value="27" />
              <option name="brand" value="DOCOMO" />
              <option name="codename" value="F01L" />
              <option name="id" value="F01L" />
              <option name="labId" value="google" />
              <option name="manufacturer" value="FUJITSU" />
              <option name="name" value="F-01L" />
              <option name="screenDensity" value="360" />
              <option name="screenX" value="720" />
              <option name="screenY" value="1280" />
            </PersistentDeviceSelectionData>
            <PersistentDeviceSelectionData>
              <option name="api" value="34" />
              <option name="brand" value="OnePlus" />
              <option name="codename" value="OP5552L1" />
              <option name="id" value="OP5552L1" />
              <option name="labId" value="google" />
              <option name="manufacturer" value="OnePlus" />
              <option name="name" value="CPH2415" />
              <option name="screenDensity" value="480" />
              <option name="screenX" value="1080" />
              <option name="screenY" value="2412" />
            </PersistentDeviceSelectionData>
            <PersistentDeviceSelectionData>
              <option name="api" value="34" />
              <option name="brand" value="OPPO" />
              <option name="codename" value="OP573DL1" />
              <option name="id" value="OP573DL1" />
              <option name="labId" value="google" />
              <option name="manufacturer" value="OPPO" />
              <option name="name" value="CPH2557" />
              <option name="screenDensity" value="480" />
              <option name="screenX" value="1080" />
              <option name="screenY" value="2400" />
            </PersistentDeviceSelectionData>
            <PersistentDeviceSelectionData>
              <option name="api" value="28" />
              <option name="brand" value="DOCOMO" />
              <option name="codename" value="SH-01L" />
              <option name="id" value="SH-01L" />
              <option name="labId" value="google" />
              <option name="manufacturer" value="SHARP" />
              <option name="name" value="AQUOS sense2 SH-01L" />
              <option name="screenDensity" value="480" />
              <option name="screenX" value="1080" />
              <option name="screenY" value="2160" />
            </PersistentDeviceSelectionData>
            <PersistentDeviceSelectionData>
              <option name="api" value="34" />
              <option name="brand" value="Lenovo" />
              <option name="codename" value="TB370FU" />
              <option name="formFactor" value="Tablet" />
              <option name="id" value="TB370FU" />
              <option name="labId" value="google" />
              <option name="manufacturer" value="Lenovo" />
              <option name="name" value="Tab P12" />
              <option name="screenDensity" value="340" />
              <option name="screenX" value="1840" />
              <option name="screenY" value="2944" />
            </PersistentDeviceSelectionData>
            <PersistentDeviceSelectionData>
              <option name="api" value="34" />
              <option name="brand" value="samsung" />
              <option name="codename" value="a15" />
              <option name="id" value="a15" />
              <option name="labId" value="google" />
              <option name="manufacturer" value="Samsung" />
              <option name="name" value="A15" />
              <option name="screenDensity" value="450" />
              <option name="screenX" value="1080" />
              <option name="screenY" value="2340" />
            </PersistentDeviceSelectionData>
            <PersistentDeviceSelectionData>
              <option name="api" value="34" />
              <option name="brand" value="samsung" />
              <option name="codename" value="a35x" />
              <option name="id" value="a35x" />
              <option name="labId" value="google" />
              <option name="manufacturer" value="Samsung" />
              <option name="name" value="A35" />
              <option name="screenDensity" value="450" />
              <option name="screenX" value="1080" />
              <option name="screenY" value="2340" />
            </PersistentDeviceSelectionData>
            <PersistentDeviceSelectionData>
              <option name="api" value="31" />
              <option name="brand" value="samsung" />
              <option name="codename" value="a51" />
              <option name="id" value="a51" />
              <option name="labId" value="google" />
              <option name="manufacturer" value="Samsung" />
              <option name="name" value="Galaxy A51" />
              <option name="screenDensity" value="420" />
              <option name="screenX" value="1080" />
              <option name="screenY" value="2400" />
            </PersistentDeviceSelectionData>
            <PersistentDeviceSelectionData>
              <option name="api" value="34" />
              <option name="brand" value="google" />
              <option name="codename" value="akita" />
              <option name="id" value="akita" />
              <option name="labId" value="google" />
              <option name="manufacturer" value="Google" />
              <option name="name" value="Pixel 8a" />
              <option name="screenDensity" value="420" />
              <option name="screenX" value="1080" />
              <option name="screenY" value="2400" />
            </PersistentDeviceSelectionData>
            <PersistentDeviceSelectionData>
              <option name="api" value="34" />
              <option name="brand" value="motorola" />
              <option name="codename" value="arcfox" />
              <option name="id" value="arcfox" />
              <option name="labId" value="google" />
              <option name="manufacturer" value="Motorola" />
              <option name="name" value="razr plus 2024" />
              <option name="screenDensity" value="360" />
              <option name="screenX" value="1080" />
              <option name="screenY" value="1272" />
            </PersistentDeviceSelectionData>
            <PersistentDeviceSelectionData>
              <option name="api" value="33" />
              <option name="brand" value="motorola" />
              <option name="codename" value="austin" />
              <option name="id" value="austin" />
              <option name="labId" value="google" />
              <option name="manufacturer" value="Motorola" />
              <option name="name" value="moto g 5G (2022)" />
              <option name="screenDensity" value="280" />
              <option name="screenX" value="720" />
              <option name="screenY" value="1600" />
            </PersistentDeviceSelectionData>
            <PersistentDeviceSelectionData>
              <option name="api" value="33" />
              <option name="brand" value="samsung" />
              <option name="codename" value="b0q" />
              <option name="id" value="b0q" />
              <option name="labId" value="google" />
              <option name="manufacturer" value="Samsung" />
              <option name="name" value="Galaxy S22 Ultra" />
              <option name="screenDensity" value="600" />
              <option name="screenX" value="1440" />
              <option name="screenY" value="3088" />
            </PersistentDeviceSelectionData>
            <PersistentDeviceSelectionData>
              <option name="api" value="32" />
              <option name="brand" value="google" />
              <option name="codename" value="bluejay" />
              <option name="id" value="bluejay" />
              <option name="labId" value="google" />
              <option name="manufacturer" value="Google" />
              <option name="name" value="Pixel 6a" />
              <option name="screenDensity" value="420" />
              <option name="screenX" value="1080" />
              <option name="screenY" value="2400" />
            </PersistentDeviceSelectionData>
            <PersistentDeviceSelectionData>
              <option name="api" value="34" />
              <option name="brand" value="google" />
              <option name="codename" value="caiman" />
              <option name="id" value="caiman" />
              <option name="labId" value="google" />
              <option name="manufacturer" value="Google" />
              <option name="name" value="Pixel 9 Pro" />
              <option name="screenDensity" value="360" />
              <option name="screenX" value="960" />
              <option name="screenY" value="2142" />
            </PersistentDeviceSelectionData>
            <PersistentDeviceSelectionData>
              <option name="api" value="34" />
              <option name="brand" value="google" />
              <option name="codename" value="comet" />
              <option name="default" value="true" />
              <option name="id" value="comet" />
              <option name="labId" value="google" />
              <option name="manufacturer" value="Google" />
              <option name="name" value="Pixel 9 Pro Fold" />
              <option name="screenDensity" value="390" />
              <option name="screenX" value="2076" />
              <option name="screenY" value="2152" />
            </PersistentDeviceSelectionData>
            <PersistentDeviceSelectionData>
              <option name="api" value="29" />
              <option name="brand" value="samsung" />
              <option name="codename" value="crownqlteue" />
              <option name="id" value="crownqlteue" />
              <option name="labId" value="google" />
              <option name="manufacturer" value="Samsung" />
              <option name="name" value="Galaxy Note9" />
              <option name="screenDensity" value="420" />
              <option name="screenX" value="2220" />
              <option name="screenY" value="1080" />
            </PersistentDeviceSelectionData>
            <PersistentDeviceSelectionData>
              <option name="api" value="34" />
              <option name="brand" value="samsung" />
              <option name="codename" value="dm2q" />
              <option name="id" value="dm2q" />
              <option name="labId" value="google" />
              <option name="manufacturer" value="Samsung" />
              <option name="name" value="S23 Plus" />
              <option name="screenDensity" value="450" />
              <option name="screenX" value="1080" />
              <option name="screenY" value="2340" />
            </PersistentDeviceSelectionData>
            <PersistentDeviceSelectionData>
              <option name="api" value="34" />
              <option name="brand" value="samsung" />
              <option name="codename" value="dm3q" />
              <option name="id" value="dm3q" />
              <option name="labId" value="google" />
              <option name="manufacturer" value="Samsung" />
              <option name="name" value="Galaxy S23 Ultra" />
              <option name="screenDensity" value="600" />
              <option name="screenX" value="1440" />
              <option name="screenY" value="3088" />
            </PersistentDeviceSelectionData>
            <PersistentDeviceSelectionData>
              <option name="api" value="34" />
              <option name="brand" value="samsung" />
              <option name="codename" value="e1q" />
              <option name="default" value="true" />
              <option name="id" value="e1q" />
              <option name="labId" value="google" />
              <option name="manufacturer" value="Samsung" />
              <option name="name" value="Galaxy S24" />
              <option name="screenDensity" value="480" />
              <option name="screenX" value="1080" />
              <option name="screenY" value="2340" />
            </PersistentDeviceSelectionData>
            <PersistentDeviceSelectionData>
              <option name="api" value="34" />
              <option name="brand" value="samsung" />
              <option name="codename" value="e3q" />
              <option name="id" value="e3q" />
              <option name="labId" value="google" />
              <option name="manufacturer" value="Samsung" />
              <option name="name" value="Galaxy S24 Ultra" />
              <option name="screenDensity" value="450" />
              <option name="screenX" value="1440" />
              <option name="screenY" value="3120" />
            </PersistentDeviceSelectionData>
            <PersistentDeviceSelectionData>
              <option name="api" value="33" />
              <option name="brand" value="google" />
              <option name="codename" value="eos" />
              <option name="id" value="eos" />
              <option name="labId" value="google" />
              <option name="manufacturer" value="Google" />
              <option name="name" value="Eos" />
              <option name="screenDensity" value="320" />
              <option name="screenX" value="384" />
              <option name="screenY" value="384" />
            </PersistentDeviceSelectionData>
            <PersistentDeviceSelectionData>
              <option name="api" value="33" />
              <option name="brand" value="google" />
              <option name="codename" value="felix" />
              <option name="id" value="felix" />
              <option name="labId" value="google" />
              <option name="manufacturer" value="Google" />
              <option name="name" value="Pixel Fold" />
              <option name="screenDensity" value="420" />
              <option name="screenX" value="2208" />
              <option name="screenY" value="1840" />
            </PersistentDeviceSelectionData>
            <PersistentDeviceSelectionData>
              <option name="api" value="34" />
              <option name="brand" value="google" />
              <option name="codename" value="felix" />
              <option name="id" value="felix" />
              <option name="labId" value="google" />
              <option name="manufacturer" value="Google" />
              <option name="name" value="Pixel Fold" />
              <option name="screenDensity" value="420" />
              <option name="screenX" value="2208" />
              <option name="screenY" value="1840" />
            </PersistentDeviceSelectionData>
            <PersistentDeviceSelectionData>
              <option name="api" value="33" />
              <option name="brand" value="google" />
              <option name="codename" value="felix_camera" />
              <option name="id" value="felix_camera" />
              <option name="labId" value="google" />
              <option name="manufacturer" value="Google" />
              <option name="name" value="Pixel Fold (Camera-enabled)" />
              <option name="screenDensity" value="420" />
              <option name="screenX" value="2208" />
              <option name="screenY" value="1840" />
            </PersistentDeviceSelectionData>
            <PersistentDeviceSelectionData>
              <option name="api" value="34" />
              <option name="brand" value="motorola" />
              <option name="codename" value="fogona" />
              <option name="id" value="fogona" />
              <option name="labId" value="google" />
              <option name="manufacturer" value="Motorola" />
              <option name="name" value="moto g play - 2024" />
              <option name="screenDensity" value="280" />
              <option name="screenX" value="720" />
              <option name="screenY" value="1600" />
            </PersistentDeviceSelectionData>
            <PersistentDeviceSelectionData>
              <option name="api" value="34" />
              <option name="brand" value="samsung" />
              <option name="codename" value="g0q" />
              <option name="id" value="g0q" />
              <option name="labId" value="google" />
              <option name="manufacturer" value="Samsung" />
              <option name="name" value="SM-S906U1" />
              <option name="screenDensity" value="450" />
              <option name="screenX" value="1080" />
              <option name="screenY" value="2340" />
            </PersistentDeviceSelectionData>
            <PersistentDeviceSelectionData>
              <option name="api" value="34" />
              <option name="brand" value="samsung" />
              <option name="codename" value="gta9pwifi" />
              <option name="id" value="gta9pwifi" />
              <option name="labId" value="google" />
              <option name="manufacturer" value="Samsung" />
              <option name="name" value="SM-X210" />
              <option name="screenDensity" value="240" />
              <option name="screenX" value="1200" />
              <option name="screenY" value="1920" />
            </PersistentDeviceSelectionData>
            <PersistentDeviceSelectionData>
              <option name="api" value="34" />
              <option name="brand" value="samsung" />
              <option name="codename" value="gts7xllite" />
              <option name="id" value="gts7xllite" />
              <option name="labId" value="google" />
              <option name="manufacturer" value="Samsung" />
              <option name="name" value="SM-T738U" />
              <option name="screenDensity" value="340" />
              <option name="screenX" value="1600" />
              <option name="screenY" value="2560" />
            </PersistentDeviceSelectionData>
            <PersistentDeviceSelectionData>
              <option name="api" value="33" />
              <option name="brand" value="samsung" />
              <option name="codename" value="gts8uwifi" />
              <option name="formFactor" value="Tablet" />
              <option name="id" value="gts8uwifi" />
              <option name="labId" value="google" />
              <option name="manufacturer" value="Samsung" />
              <option name="name" value="Galaxy Tab S8 Ultra" />
              <option name="screenDensity" value="320" />
              <option name="screenX" value="1848" />
              <option name="screenY" value="2960" />
            </PersistentDeviceSelectionData>
            <PersistentDeviceSelectionData>
              <option name="api" value="34" />
              <option name="brand" value="samsung" />
              <option name="codename" value="gts8wifi" />
              <option name="formFactor" value="Tablet" />
              <option name="id" value="gts8wifi" />
              <option name="labId" value="google" />
              <option name="manufacturer" value="Samsung" />
              <option name="name" value="Galaxy Tab S8" />
              <option name="screenDensity" value="274" />
              <option name="screenX" value="1600" />
              <option name="screenY" value="2560" />
            </PersistentDeviceSelectionData>
            <PersistentDeviceSelectionData>
              <option name="api" value="34" />
              <option name="brand" value="samsung" />
              <option name="codename" value="gts9fe" />
              <option name="id" value="gts9fe" />
              <option name="labId" value="google" />
              <option name="manufacturer" value="Samsung" />
              <option name="name" value="Galaxy Tab S9 FE 5G" />
              <option name="screenDensity" value="280" />
              <option name="screenX" value="1440" />
              <option name="screenY" value="2304" />
            </PersistentDeviceSelectionData>
            <PersistentDeviceSelectionData>
              <option name="api" value="34" />
              <option name="brand" value="google" />
              <option name="codename" value="husky" />
              <option name="id" value="husky" />
              <option name="labId" value="google" />
              <option name="manufacturer" value="Google" />
              <option name="name" value="Pixel 8 Pro" />
              <option name="screenDensity" value="390" />
              <option name="screenX" value="1008" />
              <option name="screenY" value="2244" />
            </PersistentDeviceSelectionData>
            <PersistentDeviceSelectionData>
              <option name="api" value="30" />
              <option name="brand" value="motorola" />
              <option name="codename" value="java" />
              <option name="id" value="java" />
              <option name="labId" value="google" />
              <option name="manufacturer" value="Motorola" />
              <option name="name" value="G20" />
              <option name="screenDensity" value="280" />
              <option name="screenX" value="720" />
              <option name="screenY" value="1600" />
            </PersistentDeviceSelectionData>
            <PersistentDeviceSelectionData>
              <option name="api" value="34" />
              <option name="brand" value="google" />
              <option name="codename" value="komodo" />
              <option name="id" value="komodo" />
              <option name="labId" value="google" />
              <option name="manufacturer" value="Google" />
              <option name="name" value="Pixel 9 Pro XL" />
              <option name="screenDensity" value="360" />
              <option name="screenX" value="1008" />
              <option name="screenY" value="2244" />
            </PersistentDeviceSelectionData>
            <PersistentDeviceSelectionData>
              <option name="api" value="33" />
              <option name="brand" value="google" />
              <option name="codename" value="lynx" />
              <option name="id" value="lynx" />
              <option name="labId" value="google" />
              <option name="manufacturer" value="Google" />
              <option name="name" value="Pixel 7a" />
              <option name="screenDensity" value="420" />
              <option name="screenX" value="1080" />
              <option name="screenY" value="2400" />
            </PersistentDeviceSelectionData>
            <PersistentDeviceSelectionData>
              <option name="api" value="33" />
              <option name="brand" value="motorola" />
              <option name="codename" value="maui" />
              <option name="id" value="maui" />
              <option name="labId" value="google" />
              <option name="manufacturer" value="Motorola" />
              <option name="name" value="moto g play - 2023" />
              <option name="screenDensity" value="280" />
              <option name="screenX" value="720" />
              <option name="screenY" value="1600" />
            </PersistentDeviceSelectionData>
            <PersistentDeviceSelectionData>
              <option name="api" value="34" />
              <option name="brand" value="samsung" />
              <option name="codename" value="o1q" />
              <option name="id" value="o1q" />
              <option name="labId" value="google" />
              <option name="manufacturer" value="Samsung" />
              <option name="name" value="Galaxy S21" />
              <option name="screenDensity" value="421" />
              <option name="screenX" value="1080" />
              <option name="screenY" value="2400" />
            </PersistentDeviceSelectionData>
            <PersistentDeviceSelectionData>
              <option name="api" value="31" />
              <option name="brand" value="google" />
              <option name="codename" value="oriole" />
              <option name="id" value="oriole" />
              <option name="labId" value="google" />
              <option name="manufacturer" value="Google" />
              <option name="name" value="Pixel 6" />
              <option name="screenDensity" value="420" />
              <option name="screenX" value="1080" />
              <option name="screenY" value="2400" />
            </PersistentDeviceSelectionData>
            <PersistentDeviceSelectionData>
              <option name="api" value="33" />
              <option name="brand" value="google" />
              <option name="codename" value="panther" />
              <option name="id" value="panther" />
              <option name="labId" value="google" />
              <option name="manufacturer" value="Google" />
              <option name="name" value="Pixel 7" />
              <option name="screenDensity" value="420" />
              <option name="screenX" value="1080" />
              <option name="screenY" value="2400" />
            </PersistentDeviceSelectionData>
            <PersistentDeviceSelectionData>
              <option name="api" value="34" />
              <option name="brand" value="samsung" />
              <option name="codename" value="q5q" />
              <option name="id" value="q5q" />
              <option name="labId" value="google" />
              <option name="manufacturer" value="Samsung" />
              <option name="name" value="Galaxy Z Fold5" />
              <option name="screenDensity" value="420" />
              <option name="screenX" value="1812" />
              <option name="screenY" value="2176" />
            </PersistentDeviceSelectionData>
            <PersistentDeviceSelectionData>
              <option name="api" value="34" />
              <option name="brand" value="samsung" />
              <option name="codename" value="q6q" />
              <option name="id" value="q6q" />
              <option name="labId" value="google" />
              <option name="manufacturer" value="Samsung" />
              <option name="name" value="Galaxy Z Fold6" />
              <option name="screenDensity" value="420" />
              <option name="screenX" value="1856" />
              <option name="screenY" value="2160" />
            </PersistentDeviceSelectionData>
            <PersistentDeviceSelectionData>
              <option name="api" value="30" />
              <option name="brand" value="google" />
              <option name="codename" value="r11" />
              <option name="formFactor" value="Wear OS" />
              <option name="id" value="r11" />
              <option name="labId" value="google" />
              <option name="manufacturer" value="Google" />
              <option name="name" value="Pixel Watch" />
              <option name="screenDensity" value="320" />
              <option name="screenX" value="384" />
              <option name="screenY" value="384" />
              <option name="type" value="WEAR_OS" />
            </PersistentDeviceSelectionData>
            <PersistentDeviceSelectionData>
              <option name="api" value="34" />
              <option name="brand" value="samsung" />
              <option name="codename" value="r11q" />
              <option name="id" value="r11q" />
              <option name="labId" value="google" />
              <option name="manufacturer" value="Samsung" />
              <option name="name" value="SM-S711U" />
              <option name="screenDensity" value="450" />
              <option name="screenX" value="1080" />
              <option name="screenY" value="2340" />
            </PersistentDeviceSelectionData>
            <PersistentDeviceSelectionData>
              <option name="api" value="30" />
              <option name="brand" value="google" />
              <option name="codename" value="redfin" />
              <option name="id" value="redfin" />
              <option name="labId" value="google" />
              <option name="manufacturer" value="Google" />
              <option name="name" value="Pixel 5" />
              <option name="screenDensity" value="440" />
              <option name="screenX" value="1080" />
              <option name="screenY" value="2340" />
            </PersistentDeviceSelectionData>
            <PersistentDeviceSelectionData>
              <option name="api" value="34" />
              <option name="brand" value="google" />
              <option name="codename" value="shiba" />
              <option name="id" value="shiba" />
              <option name="labId" value="google" />
              <option name="manufacturer" value="Google" />
              <option name="name" value="Pixel 8" />
              <option name="screenDensity" value="420" />
              <option name="screenX" value="1080" />
              <option name="screenY" value="2400" />
            </PersistentDeviceSelectionData>
            <PersistentDeviceSelectionData>
              <option name="api" value="34" />
              <option name="brand" value="samsung" />
              <option name="codename" value="t2q" />
              <option name="id" value="t2q" />
              <option name="labId" value="google" />
              <option name="manufacturer" value="Samsung" />
              <option name="name" value="Galaxy S21 Plus" />
              <option name="screenDensity" value="394" />
              <option name="screenX" value="1080" />
              <option name="screenY" value="2400" />
            </PersistentDeviceSelectionData>
            <PersistentDeviceSelectionData>
              <option name="api" value="33" />
              <option name="brand" value="google" />
              <option name="codename" value="tangorpro" />
              <option name="formFactor" value="Tablet" />
              <option name="id" value="tangorpro" />
              <option name="labId" value="google" />
              <option name="manufacturer" value="Google" />
              <option name="name" value="Pixel Tablet" />
              <option name="screenDensity" value="320" />
              <option name="screenX" value="1600" />
              <option name="screenY" value="2560" />
            </PersistentDeviceSelectionData>
            <PersistentDeviceSelectionData>
              <option name="api" value="34" />
              <option name="brand" value="google" />
              <option name="codename" value="tokay" />
              <option name="default" value="true" />
              <option name="id" value="tokay" />
              <option name="labId" value="google" />
              <option name="manufacturer" value="Google" />
              <option name="name" value="Pixel 9" />
              <option name="screenDensity" value="420" />
              <option name="screenX" value="1080" />
              <option name="screenY" value="2424" />
            </PersistentDeviceSelectionData>
            <PersistentDeviceSelectionData>
              <option name="api" value="35" />
              <option name="brand" value="google" />
              <option name="codename" value="tokay" />
              <option name="default" value="true" />
              <option name="id" value="tokay" />
              <option name="labId" value="google" />
              <option name="manufacturer" value="Google" />
              <option name="name" value="Pixel 9" />
              <option name="screenDensity" value="420" />
              <option name="screenX" value="1080" />
              <option name="screenY" value="2424" />
            </PersistentDeviceSelectionData>
          </list>
        </option>
      </component>
      <component name="MaterialThemeProjectNewConfig">
        <option name="metadata">
          <MTProjectMetadataState>
            <option name="migrated" value="true" />
            <option name="pristineConfig" value="false" />
            <option name="userId" value="-112d21d6:1864ea84965:-8000" />
            <option name="version" value="8.13.2" />
          </MTProjectMetadataState>
        </option>
      </component>
      <component name="PropertiesComponent">{
  &quot;keyToString&quot;: {
    &quot;settings.editor.selected.configurable&quot;: &quot;preferences.pluginManager&quot;
  }
}</component>
      <component name="WindowStateProjectService">
        <state x="760" y="285" key="#com.intellij.openapi.updateSettings.impl.PluginUpdateInfoDialog" timestamp="1751215827445">
          <screen x="0" y="25" width="1920" height="977" />
        </state>
        <state x="760" y="285" key="#com.intellij.openapi.updateSettings.impl.PluginUpdateInfoDialog/1920.117.1440.875/0.25.1920.977" timestamp="1751215827445" />
        <state x="760" y="286" key="#com.intellij.openapi.updateSettings.impl.PluginUpdateInfoDialog/1920.117.1440.875/0.25.1920.979" timestamp="1747782421606" />
        <state x="1520" y="423" key="#com.intellij.openapi.updateSettings.impl.PluginUpdateInfoDialog/3840.412.1440.875/0.25.3840.1497" timestamp="1742917378113" />
        <state x="432" y="100" key="SettingsEditor" timestamp="1746575718182">
          <screen x="0" y="25" width="1920" height="979" />
        </state>
        <state x="432" y="100" key="SettingsEditor/1920.117.1440.875/0.25.1920.979" timestamp="1746575718182" />
      </component>
    </defaultProject>
  </component>
</application>