<application>
  <component name="StudioBotSettings">
    <option name="contextSharingModeV2" value="AskPerProject" />
    <option name="onboardedVersion" value="3" />
    <option name="queryHistory">
      <list>
        <historyEntry timestamp="1757764448761">I'm getting the following error while syncing my project. The error is: Type mismatch: inferred type is Unit but Boolean was expected
```
e: file:///Users/peter.kongyik/Projects/Mobile/src/indoor/android/app/build.gradle.kts:256:9: Type mismatch: inferred type is Unit but Boolean was expected
```
How do I fix this?</historyEntry>
      </list>
    </option>
  </component>
</application>