<application>
  <component name="Trusted.Paths">
    <option name="TRUSTED_PROJECT_PATHS">
      <map>
        <entry key="$USER_HOME$/AndroidStudioProjects/KmpTest" value="true" />
        <entry key="$USER_HOME$/Downloads/applion-bonafarm" value="true" />
        <entry key="$USER_HOME$/Downloads/applion-bonafarm-app-android-e9fe68ecef0e" value="true" />
        <entry key="$USER_HOME$/Downloads/simple_pay_example_public" value="true" />
        <entry key="$USER_HOME$/Projects/IFA%202%20POC/src" value="true" />
        <entry key="$USER_HOME$/Projects/Mobile/src" value="true" />
        <entry key="$USER_HOME$/Projects/Mobile/src/indoor" value="true" />
        <entry key="$USER_HOME$/Projects/Mobile/src/indoor/android" value="true" />
        <entry key="$USER_HOME$/Projects/Mobile/src/libs/floorplan_api" value="true" />
        <entry key="$USER_HOME$/Projects/Mobile/src/libs/ocelot_aggregates_api" value="true" />
        <entry key="$USER_HOME$/Projects/Mobile/src/plugins/catcher-0.6.9" value="true" />
        <entry key="$USER_HOME$/Projects/Mobile/src/plugins/printing-5.2.1" value="true" />
        <entry key="$USER_HOME$/Projects/SMP.BEK.Mobile/src/indoor" value="true" />
        <entry key="$USER_HOME$/Projects/SMP.BEK.Mobile/src/indoor/android" value="true" />
        <entry key="$USER_HOME$/Projects/SMP.Flutter.Map/src" value="true" />
        <entry key="$USER_HOME$/Projects/SMP.Flutter.MapBox/src/android" value="true" />
        <entry key="$USER_HOME$/Projects/SMP.Flutter.MapBox/src/example/android" value="true" />
        <entry key="$USER_HOME$/Projects/SMP.Flutter.MsIdentity/ms_identity_flutter/android" value="true" />
        <entry key="$USER_HOME$/Projects/SMP.Flutter.MsIdentity/ms_identity_flutter/example/android" value="true" />
        <entry key="$USER_HOME$/Projects/SMP.Flutter.Mux/src" value="true" />
        <entry key="$USER_HOME$/Projects/SMP.Flutter.Orientation/src/android" value="true" />
        <entry key="$USER_HOME$/Projects/SMP.Flutter.Orientation/src/example/android" value="true" />
        <entry key="$USER_HOME$/Projects/SMP.Flutter.SharedDeskPool/src" value="true" />
        <entry key="$USER_HOME$/Projects/SMP.Flutter.Widgets.AnimatedProgressButton/src" value="true" />
        <entry key="$USER_HOME$/Projects/SMP.Flutter.Widgets.AppTextFormField/src" value="true" />
        <entry key="$USER_HOME$/Projects/SMP.Flutter.Widgets.Stepper/src" value="true" />
        <entry key="$USER_HOME$/Projects/SMP.SBMS.Kiosk.Mobile/src/kiosk" value="true" />
        <entry key="$USER_HOME$/Projects/SMP.SBMS.Mobile.Map/src/mapbox_gl" value="true" />
        <entry key="$USER_HOME$/Projects/SMP.SBMS.Mobile.Map/src/mapbox_gl/android" value="true" />
        <entry key="$USER_HOME$/Projects/SMP.SBMS.Mobile.Map/src/mapbox_gl/example/android" value="true" />
        <entry key="$USER_HOME$/Projects/SMP.SBMS.Mobile.Map/src/mapbox_gl_platform_interface" value="true" />
        <entry key="$USER_HOME$/Projects/SMP.SBMS.Mobile.Navigation/src" value="true" />
        <entry key="$USER_HOME$/Projects/SMP.SBMS.Mobile.Navigation/src/android" value="true" />
        <entry key="$USER_HOME$/Projects/SMP.SBMS.Mobile.Navigation/src/example/android" value="true" />
        <entry key="$USER_HOME$/Projects/SMP.SBMS.Positioning.Android/src/Positioning" value="true" />
        <entry key="$USER_HOME$/Projects/SMP.Soffie.Access.Mobil/soffie_access" value="true" />
        <entry key="$USER_HOME$/Projects/SMP.Soffie.Access.Mobil/src/soffie_access" value="true" />
        <entry key="$USER_HOME$/Projects/SMP.Soffie.Access.Reader.Android/src/cardreader" value="true" />
        <entry key="$USER_HOME$/Projects/SMP.Soffie.Access.Reader.Flutter/src" value="true" />
        <entry key="$USER_HOME$/Projects/SMP.Soffie.Access.Reader.Flutter/src/card_reader_library/android" value="true" />
        <entry key="$USER_HOME$/Projects/SMP.Soffie.Access.Reader.Flutter/src/cardreader/android" value="true" />
        <entry key="$USER_HOME$/Projects/SMP.Soffie.Access.Reader.Flutter/src/cardreader/example/android" value="true" />
        <entry key="$USER_HOME$/Projects/SMP.Soffie.Flutter.SharedDesk/src" value="true" />
        <entry key="$USER_HOME$/Projects/SMP.Soffie.Mobile.GuestApp/src/otp_guest_app" value="true" />
        <entry key="$USER_HOME$/Projects/SMP.Soffie.Mobile.GuestApp/src/otp_office_guestapp" value="true" />
        <entry key="$USER_HOME$/Projects/SMP.Soffie.Mobile.GuestApp/src/plugins/catcher-0.6.9" value="true" />
        <entry key="$USER_HOME$/Projects/Smp.Flutter.SoffieReels/src" value="true" />
        <entry key="$USER_HOME$/Projects/untitled" value="true" />
      </map>
    </option>
  </component>
  <component name="Trusted.Paths.Settings">
    <option name="TRUSTED_PATHS">
      <list>
        <option value="$USER_HOME$/Projects/SMP.Soffie.Mobile.GuestApp/src" />
      </list>
    </option>
  </component>
</application>