<application>
  <component name="DimensionService">
    <location key="WELCOME_SCREEN.0.0.3840.2160@192dpi" x="1920" y="600" />
    <location key="find.popup.0.0.3840.2160@192dpi" x="476" y="222" />
    <location key="WELCOME_SCREEN.0.0.2880.1800@192dpi" x="1440" y="600" />
    <location key="find.popup.0.0.1920.1080" x="739" y="158" />
    <location key="find.popup.0.0.3840.1600" x="2629" y="161" />
    <location key="find.popup.0.0.2880.1800@192dpi" x="870" y="198" />
    <location key="find.popup.1440.0.1920.1080" x="2718" y="121" />
    <size key="find.popup.0.0.3840.2160@192dpi" width="1994" height="1664" />
    <size key="GridCell.Tab.0.left.0.0.3840.2160@192dpi" width="3676" height="596" />
    <size key="GridCell.Tab.0.center.0.0.3840.2160@192dpi" width="3676" height="596" />
    <size key="GridCell.Tab.0.right.0.0.3840.2160@192dpi" width="3676" height="596" />
    <size key="GridCell.Tab.0.bottom.0.0.3840.2160@192dpi" width="3676" height="596" />
    <size key="GridCell.Tab.1.left.0.0.3840.2160@192dpi" width="3676" height="596" />
    <size key="GridCell.Tab.1.center.0.0.3840.2160@192dpi" width="3676" height="596" />
    <size key="GridCell.Tab.1.right.0.0.3840.2160@192dpi" width="3676" height="596" />
    <size key="GridCell.Tab.1.bottom.0.0.3840.2160@192dpi" width="3676" height="596" />
    <size key="GridCell.Tab.0.left.3840.176.2880.1800@192dpi" width="2796" height="590" />
    <size key="GridCell.Tab.0.center.3840.176.2880.1800@192dpi" width="2796" height="590" />
    <size key="GridCell.Tab.0.right.3840.176.2880.1800@192dpi" width="2796" height="590" />
    <size key="GridCell.Tab.0.bottom.3840.176.2880.1800@192dpi" width="2796" height="590" />
    <size key="GridCell.Tab.1.left.3840.176.2880.1800@192dpi" width="2796" height="590" />
    <size key="GridCell.Tab.1.center.3840.176.2880.1800@192dpi" width="2796" height="590" />
    <size key="GridCell.Tab.1.right.3840.176.2880.1800@192dpi" width="2796" height="590" />
    <size key="GridCell.Tab.1.bottom.3840.176.2880.1800@192dpi" width="2796" height="590" />
    <size key="GridCell.Tab.0.left.0.0.1920.1080" width="1838" height="277" />
    <size key="GridCell.Tab.0.center.0.0.1920.1080" width="1838" height="277" />
    <size key="GridCell.Tab.0.right.0.0.1920.1080" width="1838" height="277" />
    <size key="GridCell.Tab.0.bottom.0.0.1920.1080" width="1838" height="277" />
    <size key="GridCell.Tab.1.left.0.0.1920.1080" width="1838" height="277" />
    <size key="GridCell.Tab.1.center.0.0.1920.1080" width="1838" height="277" />
    <size key="GridCell.Tab.1.right.0.0.1920.1080" width="1838" height="277" />
    <size key="GridCell.Tab.1.bottom.0.0.1920.1080" width="1838" height="277" />
    <size key="find.popup.0.0.1920.1080" width="962" height="538" />
    <size key="GridCell.Tab.0.left.0.0.2880.1800@192dpi" width="2716" height="636" />
    <size key="GridCell.Tab.0.center.0.0.2880.1800@192dpi" width="2716" height="636" />
    <size key="GridCell.Tab.0.right.0.0.2880.1800@192dpi" width="2716" height="636" />
    <size key="GridCell.Tab.0.bottom.0.0.2880.1800@192dpi" width="2716" height="636" />
    <size key="GridCell.Tab.1.left.0.0.2880.1800@192dpi" width="2716" height="636" />
    <size key="GridCell.Tab.1.center.0.0.2880.1800@192dpi" width="2716" height="636" />
    <size key="GridCell.Tab.1.right.0.0.2880.1800@192dpi" width="2716" height="636" />
    <size key="GridCell.Tab.1.bottom.0.0.2880.1800@192dpi" width="2716" height="636" />
    <size key="GridCell.Tab.-1.left.0.0.3840.2160@192dpi" width="3756" height="608" />
    <size key="GridCell.Tab.-1.center.0.0.3840.2160@192dpi" width="3756" height="608" />
    <size key="GridCell.Tab.-1.right.0.0.3840.2160@192dpi" width="3756" height="608" />
    <size key="GridCell.Tab.-1.bottom.0.0.3840.2160@192dpi" width="3756" height="608" />
    <size key="GridCell.Tab.0.left.0.0.3840.1600" width="1838" height="452" />
    <size key="GridCell.Tab.0.center.0.0.3840.1600" width="1838" height="452" />
    <size key="GridCell.Tab.0.right.0.0.3840.1600" width="1838" height="452" />
    <size key="GridCell.Tab.0.bottom.0.0.3840.1600" width="1838" height="452" />
    <size key="GridCell.Tab.1.left.0.0.3840.1600" width="1838" height="452" />
    <size key="GridCell.Tab.1.center.0.0.3840.1600" width="1838" height="452" />
    <size key="GridCell.Tab.1.right.0.0.3840.1600" width="1838" height="452" />
    <size key="GridCell.Tab.1.bottom.0.0.3840.1600" width="1838" height="452" />
    <size key="find.popup.0.0.3840.1600" width="649" height="556" />
    <size key="find.popup.0.0.2880.1800@192dpi" width="2010" height="1076" />
    <size key="GridCell.Tab.0.left.1440.0.1920.1080" width="1838" height="356" />
    <size key="GridCell.Tab.0.center.1440.0.1920.1080" width="1838" height="356" />
    <size key="GridCell.Tab.0.right.1440.0.1920.1080" width="1838" height="356" />
    <size key="GridCell.Tab.0.bottom.1440.0.1920.1080" width="1838" height="356" />
    <size key="GridCell.Tab.1.left.1440.0.1920.1080" width="1838" height="356" />
    <size key="GridCell.Tab.1.center.1440.0.1920.1080" width="1838" height="356" />
    <size key="GridCell.Tab.1.right.1440.0.1920.1080" width="1838" height="356" />
    <size key="GridCell.Tab.1.bottom.1440.0.1920.1080" width="1838" height="356" />
    <size key="find.popup.1440.0.1920.1080" width="642" height="569" />
  </component>
  <component name="WindowManager">
    <frame x="0" y="25" width="1920" height="977" extendedState="6" />
  </component>
  <component name="WindowStateApplicationService">
    <state width="364" height="198" key="ShowUsagesActions.dimensionServiceKey" timestamp="1745482126133">
      <screen x="0" y="25" width="1440" height="814" />
    </state>
    <state width="364" height="198" key="ShowUsagesActions.dimensionServiceKey/0.25.1440.814" timestamp="1745482126133" />
    <state width="413" height="870" key="ShowUsagesActions.dimensionServiceKey/1920.117.1440.875/0.25.1920.979" timestamp="1744293980577" />
    <state width="555" height="142" key="ShowUsagesActions.dimensionServiceKey/3840.412.1440.875/0.25.3840.1497" timestamp="1743430154662" />
    <state x="960" y="460" width="800" height="656" key="WELCOME_SCREEN" timestamp="1746430607372">
      <screen x="0" y="25" width="1920" height="977" />
    </state>
    <state x="720" y="412" width="800" height="656" key="WELCOME_SCREEN/0.25.1440.797" timestamp="1745576573385" />
    <state x="720" y="404" width="800" height="650" key="WELCOME_SCREEN/0.25.1440.814" timestamp="1746023028625" />
    <state x="720" y="405" width="800" height="650" key="WELCOME_SCREEN/0.25.1440.815" timestamp="1743799859206" />
    <state x="820" y="439" width="800" height="650" key="WELCOME_SCREEN/0.25.1440.817" timestamp="1743581089191" />
    <state x="960" y="460" width="800" height="656" key="WELCOME_SCREEN/1920.117.1440.875/0.25.1920.977" timestamp="1746430607372" />
    <state x="960" y="460" width="800" height="657" key="WELCOME_SCREEN/1920.117.1440.875/0.25.1920.979" timestamp="1746270358955" />
    <state x="960" y="461" width="800" height="659" key="WELCOME_SCREEN/1920.117.1440.875/0.25.1920.981" timestamp="1744297663985" />
    <state x="960" y="462" width="800" height="660" key="WELCOME_SCREEN/1920.117.1440.875/0.25.1920.982" timestamp="1739630651997" />
    <state x="1920" y="723" width="2134" height="1194" key="WELCOME_SCREEN/3840.412.1440.875" timestamp="1745835330018" />
    <state x="1920" y="723" width="2134" height="1194" key="WELCOME_SCREEN/3840.412.1440.875/0.25.3840.1497" timestamp="1746025782505" />
  </component>
</application>