<application>
  <component name="DimensionService">
    <location key="WELCOME_SCREEN.0.0.3840.2160@192dpi" x="1920" y="600" />
    <location key="find.popup.0.0.3840.2160@192dpi" x="1894" y="560" />
    <location key="WELCOME_SCREEN.0.0.2880.1800@192dpi" x="1440" y="600" />
    <location key="find.popup.0.0.1920.1080" x="739" y="158" />
    <location key="find.popup.0.0.3840.1600" x="1346" y="166" />
    <location key="find.popup.0.0.2880.1800@192dpi" x="1420" y="472" />
    <location key="find.popup.1440.0.1920.1080" x="2718" y="121" />
    <location key="find.popup.3840.184.2880.1800@192dpi" x="5260" y="686" />
    <size key="find.popup.0.0.3840.2160@192dpi" width="1718" height="1194" />
    <size key="GridCell.Tab.0.left.0.0.3840.2160@192dpi" width="3676" height="656" />
    <size key="GridCell.Tab.0.center.0.0.3840.2160@192dpi" width="3676" height="656" />
    <size key="GridCell.Tab.0.right.0.0.3840.2160@192dpi" width="3676" height="656" />
    <size key="GridCell.Tab.0.bottom.0.0.3840.2160@192dpi" width="3676" height="656" />
    <size key="GridCell.Tab.1.left.0.0.3840.2160@192dpi" width="3676" height="656" />
    <size key="GridCell.Tab.1.center.0.0.3840.2160@192dpi" width="3676" height="656" />
    <size key="GridCell.Tab.1.right.0.0.3840.2160@192dpi" width="3676" height="656" />
    <size key="GridCell.Tab.1.bottom.0.0.3840.2160@192dpi" width="3676" height="656" />
    <size key="GridCell.Tab.0.left.3840.176.2880.1800@192dpi" width="2796" height="590" />
    <size key="GridCell.Tab.0.center.3840.176.2880.1800@192dpi" width="2796" height="590" />
    <size key="GridCell.Tab.0.right.3840.176.2880.1800@192dpi" width="2796" height="590" />
    <size key="GridCell.Tab.0.bottom.3840.176.2880.1800@192dpi" width="2796" height="590" />
    <size key="GridCell.Tab.1.left.3840.176.2880.1800@192dpi" width="2796" height="590" />
    <size key="GridCell.Tab.1.center.3840.176.2880.1800@192dpi" width="2796" height="590" />
    <size key="GridCell.Tab.1.right.3840.176.2880.1800@192dpi" width="2796" height="590" />
    <size key="GridCell.Tab.1.bottom.3840.176.2880.1800@192dpi" width="2796" height="590" />
    <size key="GridCell.Tab.0.left.0.0.1920.1080" width="1838" height="277" />
    <size key="GridCell.Tab.0.center.0.0.1920.1080" width="1838" height="277" />
    <size key="GridCell.Tab.0.right.0.0.1920.1080" width="1838" height="277" />
    <size key="GridCell.Tab.0.bottom.0.0.1920.1080" width="1838" height="277" />
    <size key="GridCell.Tab.1.left.0.0.1920.1080" width="1838" height="277" />
    <size key="GridCell.Tab.1.center.0.0.1920.1080" width="1838" height="277" />
    <size key="GridCell.Tab.1.right.0.0.1920.1080" width="1838" height="277" />
    <size key="GridCell.Tab.1.bottom.0.0.1920.1080" width="1838" height="277" />
    <size key="find.popup.0.0.1920.1080" width="962" height="538" />
    <size key="GridCell.Tab.0.left.0.0.2880.1800@192dpi" width="3676" height="602" />
    <size key="GridCell.Tab.0.center.0.0.2880.1800@192dpi" width="3676" height="602" />
    <size key="GridCell.Tab.0.right.0.0.2880.1800@192dpi" width="3676" height="602" />
    <size key="GridCell.Tab.0.bottom.0.0.2880.1800@192dpi" width="3676" height="602" />
    <size key="GridCell.Tab.1.left.0.0.2880.1800@192dpi" width="3676" height="602" />
    <size key="GridCell.Tab.1.center.0.0.2880.1800@192dpi" width="3676" height="602" />
    <size key="GridCell.Tab.1.right.0.0.2880.1800@192dpi" width="3676" height="602" />
    <size key="GridCell.Tab.1.bottom.0.0.2880.1800@192dpi" width="3676" height="602" />
    <size key="GridCell.Tab.-1.left.0.0.3840.2160@192dpi" width="3756" height="608" />
    <size key="GridCell.Tab.-1.center.0.0.3840.2160@192dpi" width="3756" height="608" />
    <size key="GridCell.Tab.-1.right.0.0.3840.2160@192dpi" width="3756" height="608" />
    <size key="GridCell.Tab.-1.bottom.0.0.3840.2160@192dpi" width="3756" height="608" />
    <size key="GridCell.Tab.0.left.0.0.3840.1600" width="1837" height="433" />
    <size key="GridCell.Tab.0.center.0.0.3840.1600" width="1837" height="433" />
    <size key="GridCell.Tab.0.right.0.0.3840.1600" width="1837" height="433" />
    <size key="GridCell.Tab.0.bottom.0.0.3840.1600" width="1837" height="433" />
    <size key="GridCell.Tab.1.left.0.0.3840.1600" width="1837" height="433" />
    <size key="GridCell.Tab.1.center.0.0.3840.1600" width="1837" height="433" />
    <size key="GridCell.Tab.1.right.0.0.3840.1600" width="1837" height="433" />
    <size key="GridCell.Tab.1.bottom.0.0.3840.1600" width="1837" height="433" />
    <size key="find.popup.0.0.3840.1600" width="2200" height="929" />
    <size key="find.popup.0.0.2880.1800@192dpi" width="1298" height="1112" />
    <size key="GridCell.Tab.0.left.1440.0.1920.1080" width="1838" height="356" />
    <size key="GridCell.Tab.0.center.1440.0.1920.1080" width="1838" height="356" />
    <size key="GridCell.Tab.0.right.1440.0.1920.1080" width="1838" height="356" />
    <size key="GridCell.Tab.0.bottom.1440.0.1920.1080" width="1838" height="356" />
    <size key="GridCell.Tab.1.left.1440.0.1920.1080" width="1838" height="356" />
    <size key="GridCell.Tab.1.center.1440.0.1920.1080" width="1838" height="356" />
    <size key="GridCell.Tab.1.right.1440.0.1920.1080" width="1838" height="356" />
    <size key="GridCell.Tab.1.bottom.1440.0.1920.1080" width="1838" height="356" />
    <size key="find.popup.1440.0.1920.1080" width="642" height="569" />
    <size key="GridCell.Tab.-1.left.0.0.3840.1600" width="1838" height="452" />
    <size key="GridCell.Tab.-1.center.0.0.3840.1600" width="1838" height="452" />
    <size key="GridCell.Tab.-1.right.0.0.3840.1600" width="1838" height="452" />
    <size key="GridCell.Tab.-1.bottom.0.0.3840.1600" width="1838" height="452" />
    <size key="GridCell.Tab.2.left.0.0.3840.1600" width="1839" height="392" />
    <size key="GridCell.Tab.2.center.0.0.3840.1600" width="1839" height="392" />
    <size key="GridCell.Tab.2.right.0.0.3840.1600" width="1839" height="392" />
    <size key="GridCell.Tab.2.bottom.0.0.3840.1600" width="1839" height="392" />
    <size key="GridCell.Tab.3.left.0.0.3840.1600" width="1839" height="392" />
    <size key="GridCell.Tab.3.center.0.0.3840.1600" width="1839" height="392" />
    <size key="GridCell.Tab.3.right.0.0.3840.1600" width="1839" height="392" />
    <size key="GridCell.Tab.3.bottom.0.0.3840.1600" width="1839" height="392" />
    <size key="GridCell.Tab.0.left.3840.184.2880.1800@192dpi" width="2716" height="414" />
    <size key="GridCell.Tab.0.center.3840.184.2880.1800@192dpi" width="2716" height="414" />
    <size key="GridCell.Tab.0.right.3840.184.2880.1800@192dpi" width="2716" height="414" />
    <size key="GridCell.Tab.0.bottom.3840.184.2880.1800@192dpi" width="2716" height="414" />
    <size key="GridCell.Tab.2.left.0.0.3840.2160@192dpi" width="3676" height="570" />
    <size key="GridCell.Tab.2.center.0.0.3840.2160@192dpi" width="3676" height="570" />
    <size key="GridCell.Tab.2.right.0.0.3840.2160@192dpi" width="3676" height="570" />
    <size key="GridCell.Tab.2.bottom.0.0.3840.2160@192dpi" width="3676" height="570" />
    <size key="GridCell.Tab.3.left.0.0.3840.2160@192dpi" width="3676" height="570" />
    <size key="GridCell.Tab.3.center.0.0.3840.2160@192dpi" width="3676" height="570" />
    <size key="GridCell.Tab.3.right.0.0.3840.2160@192dpi" width="3676" height="570" />
    <size key="GridCell.Tab.3.bottom.0.0.3840.2160@192dpi" width="3676" height="570" />
    <size key="GridCell.Tab.1.left.3840.184.2880.1800@192dpi" width="2716" height="414" />
    <size key="GridCell.Tab.1.center.3840.184.2880.1800@192dpi" width="2716" height="414" />
    <size key="GridCell.Tab.1.right.3840.184.2880.1800@192dpi" width="2716" height="414" />
    <size key="GridCell.Tab.1.bottom.3840.184.2880.1800@192dpi" width="2716" height="414" />
    <size key="find.popup.3840.184.2880.1800@192dpi" width="1298" height="1112" />
  </component>
  <component name="WindowManager">
    <frame x="0" y="25" width="1440" height="810" extendedState="6" />
  </component>
  <component name="WindowStateApplicationService">
    <state width="571" height="159" key="ShowUsagesActions.dimensionServiceKey" timestamp="1758213526196">
      <screen x="0" y="31" width="1920" height="971" />
    </state>
    <state width="493" height="111" key="ShowUsagesActions.dimensionServiceKey/1920.117.1440.875/0.25.1920.977" timestamp="1753692267057" />
    <state width="413" height="111" key="ShowUsagesActions.dimensionServiceKey/1920.117.1440.875/0.25.1920.979" timestamp="1754654102302" />
    <state width="507" height="159" key="ShowUsagesActions.dimensionServiceKey/1920.117.1440.875/0.25.1920.981" timestamp="1757772520030" />
    <state width="571" height="231" key="ShowUsagesActions.dimensionServiceKey/1920.117.1440.875/0.25.1920.982" timestamp="1758028009866" />
    <state width="571" height="159" key="ShowUsagesActions.dimensionServiceKey/1920.123.1440.869/0.31.1920.971" timestamp="1758213526196" />
    <state width="408" height="111" key="ShowUsagesActions.dimensionServiceKey/3840.412.1440.875/0.25.3840.1497" timestamp="1757679876070" />
    <state x="720" y="408" width="800" height="650" key="WELCOME_SCREEN" timestamp="1758382951237">
      <screen x="0" y="31" width="1440" height="808" />
    </state>
    <state x="720" y="412" width="800" height="659" key="WELCOME_SCREEN/0.25.1440.801" timestamp="1755863123975" />
    <state x="719" y="404" width="801" height="650" key="WELCOME_SCREEN/0.25.1440.813" timestamp="1751326947488" />
    <state x="720" y="405" width="800" height="657" key="WELCOME_SCREEN/0.25.1440.815" timestamp="1755293940819" />
    <state x="719" y="406" width="801" height="652" key="WELCOME_SCREEN/0.25.1440.817" timestamp="1756248211488" />
    <state x="720" y="408" width="800" height="650" key="WELCOME_SCREEN/0.31.1440.808" timestamp="1758382951237" />
    <state x="960" y="460" width="800" height="656" key="WELCOME_SCREEN/1920.117.1440.875/0.25.1920.977" timestamp="1755029537574" />
    <state x="960" y="460" width="800" height="657" key="WELCOME_SCREEN/1920.117.1440.875/0.25.1920.979" timestamp="1757453894488" />
    <state x="960" y="461" width="800" height="659" key="WELCOME_SCREEN/1920.117.1440.875/0.25.1920.981" timestamp="1758036120742" />
    <state x="960" y="462" width="800" height="660" key="WELCOME_SCREEN/1920.117.1440.875/0.25.1920.982" timestamp="1757627067751" />
    <state x="960" y="462" width="800" height="653" key="WELCOME_SCREEN/1920.123.1440.869/0.31.1920.970" timestamp="1758231036248" />
    <state x="960" y="463" width="800" height="653" key="WELCOME_SCREEN/1920.123.1440.869/0.31.1920.971" timestamp="1758219906384" />
    <state x="1920" y="723" width="2134" height="1194" key="WELCOME_SCREEN/3840.412.1440.875/0.25.3840.1497" timestamp="1757689530709" />
  </component>
</application>