<keymap version="1" name="macOS copy" parent="Mac OS X 10.5+">
  <action id="Adtui.ZoomOutAction">
    <keyboard-shortcut first-keystroke="meta subtract" />
  </action>
  <action id="Android.SyncProject" />
  <action id="Back">
    <keyboard-shortcut first-keystroke="meta minus" />
  </action>
  <action id="CIDR.Debugger.JumpToDebuggerConsole" />
  <action id="ChangesView.ShelveSilently" />
  <action id="ChooseDebugConfiguration">
    <keyboard-shortcut first-keystroke="ctrl f6" />
  </action>
  <action id="ChooseRunConfiguration">
    <keyboard-shortcut first-keystroke="ctrl f5" />
  </action>
  <action id="CollapseAll">
    <keyboard-shortcut first-keystroke="meta subtract" />
  </action>
  <action id="CollapseAllRegions">
    <keyboard-shortcut first-keystroke="shift meta subtract" />
  </action>
  <action id="CollapseExpandableComponent">
    <keyboard-shortcut first-keystroke="shift enter" />
    <keyboard-shortcut first-keystroke="meta subtract" />
  </action>
  <action id="CollapseRegion">
    <keyboard-shortcut first-keystroke="meta subtract" />
  </action>
  <action id="Console.Open" />
  <action id="CopyElement" />
  <action id="Debug">
    <keyboard-shortcut first-keystroke="f6" />
  </action>
  <action id="EditorChooseLookupItemDot" />
  <action id="EvaluateExpression">
    <keyboard-shortcut first-keystroke="shift f9" />
  </action>
  <action id="ExportToTextFile" />
  <action id="ExternalSystem.CollapseAll">
    <keyboard-shortcut first-keystroke="meta subtract" />
  </action>
  <action id="FileStructurePopup">
    <keyboard-shortcut first-keystroke="ctrl o" />
  </action>
  <action id="FindInPath">
    <keyboard-shortcut first-keystroke="meta h" />
  </action>
  <action id="FindUsages">
    <keyboard-shortcut first-keystroke="shift ctrl g" />
  </action>
  <action id="ForceRunToCursor">
    <keyboard-shortcut first-keystroke="shift ctrl f8" />
  </action>
  <action id="ForceStepInto">
    <keyboard-shortcut first-keystroke="shift ctrl f11" />
  </action>
  <action id="ForceStepOver">
    <keyboard-shortcut first-keystroke="shift ctrl f10" />
  </action>
  <action id="Forward">
    <keyboard-shortcut first-keystroke="shift meta minus" />
  </action>
  <action id="GotoClass">
    <keyboard-shortcut first-keystroke="shift ctrl t" />
  </action>
  <action id="GotoDeclaration">
    <keyboard-shortcut first-keystroke="f3" />
  </action>
  <action id="GotoFile">
    <keyboard-shortcut first-keystroke="shift ctrl r" />
  </action>
  <action id="GotoImplementation">
    <keyboard-shortcut first-keystroke="ctrl t" />
  </action>
  <action id="GotoSuperMethod">
    <keyboard-shortcut first-keystroke="shift f3" />
  </action>
  <action id="GotoSymbol">
    <keyboard-shortcut first-keystroke="shift ctrl n" />
  </action>
  <action id="Images.Editor.ZoomOut">
    <keyboard-shortcut first-keystroke="meta subtract" />
  </action>
  <action id="MarkObjectAction.Frontend" />
  <action id="Markdown.Preview.DecreaseFontSize">
    <keyboard-shortcut first-keystroke="meta subtract" />
  </action>
  <action id="MethodHierarchy" />
  <action id="MethodHierarchy.BaseOnThisMethod" />
  <action id="Move" />
  <action id="OptimizeImports">
    <keyboard-shortcut first-keystroke="shift meta o" />
    <keyboard-shortcut first-keystroke="shift alt o" />
  </action>
  <action id="OverrideMethods" />
  <action id="Refactorings.QuickListPopupAction" />
  <action id="ReformatCode">
    <keyboard-shortcut first-keystroke="shift alt f" />
  </action>
  <action id="ReplaceInPath">
    <keyboard-shortcut first-keystroke="shift meta h" />
  </action>
  <action id="Resume">
    <keyboard-shortcut first-keystroke="f8" />
  </action>
  <action id="Run">
    <keyboard-shortcut first-keystroke="f5" />
  </action>
  <action id="RunClass" />
  <action id="RunDashboard.Run" />
  <action id="RunToCursor">
    <keyboard-shortcut first-keystroke="ctrl f9" />
  </action>
  <action id="SelectVirtualTemplateElement" />
  <action id="ServiceView.GroupByContributor" />
  <action id="ShowSettingsAndFindUsages">
    <keyboard-shortcut first-keystroke="shift ctrl alt g" />
  </action>
  <action id="SmartStepInto">
    <keyboard-shortcut first-keystroke="ctrl f11" />
  </action>
  <action id="StepInto">
    <keyboard-shortcut first-keystroke="ctrl f10" />
  </action>
  <action id="StepOut">
    <keyboard-shortcut first-keystroke="shift f10" />
  </action>
  <action id="StepOver">
    <keyboard-shortcut first-keystroke="f10" />
  </action>
  <action id="Stop">
    <keyboard-shortcut first-keystroke="shift f5" />
  </action>
  <action id="SwitchHeaderSource" />
  <action id="TableResult.UnselectPreviousOccurrence" />
  <action id="ToggleBookmark" />
  <action id="ToggleLineBreakpoint">
    <keyboard-shortcut first-keystroke="f9" />
  </action>
  <action id="UnselectPreviousOccurrence" />
  <action id="UsageGrouping.FlattenModules" />
  <action id="UsageGrouping.UsageType" />
  <action id="ViewBreakpoints">
    <keyboard-shortcut first-keystroke="shift ctrl f9" />
  </action>
  <action id="android.deploy.ApplyChanges">
    <keyboard-shortcut first-keystroke="ctrl meta e" />
  </action>
  <action id="android.deploy.CodeSwap">
    <keyboard-shortcut first-keystroke="shift ctrl meta e" />
  </action>
  <action id="android.device.home.button" />
  <action id="android.streaming.xr.hand.tracking">
    <keyboard-shortcut first-keystroke="ctrl h" />
  </action>
  <action id="com.codeium.intellij.ShowNextCompletionAction">
    <keyboard-shortcut first-keystroke="alt close_bracket" />
    <keyboard-shortcut first-keystroke="ctrl period" />
  </action>
  <action id="com.codeium.intellij.ShowPreviousCompletionAction">
    <keyboard-shortcut first-keystroke="alt open_bracket" />
    <keyboard-shortcut first-keystroke="ctrl comma" />
  </action>
  <action id="copilot.cycleNextInlays">
    <keyboard-shortcut first-keystroke="alt close_bracket" />
  </action>
  <action id="copilot.cyclePrevInlays">
    <keyboard-shortcut first-keystroke="alt open_bracket" />
  </action>
  <action id="runShellFileAction" />
</keymap>