<application>
  <component name="SonarLintGlobalSettings">
    <option name="secretsNeverBeenAnalysed" value="false" />
    <option name="sonarQubeServers">
      <list>
        <SonarQubeServer>
          <option name="hostUrl" value="https://sonarcloud.io" />
          <token>dfc9df9bdf9fdf93df92dfc9dfcbdfc8df9ddfc9dfcfdf9fdf99dfcfdf92df9edf9fdf9edf9ddfc8df9adf98dfcbdf9fdf98dfcedf9fdf9bdf9adfcedfcfdfcbdf9ddf9bdf99df9edf9edf9bdf98dfc9</token>
          <option name="name" value="VisualStudio" />
          <organizationKey>smp-solutions-zrt</organizationKey>
        </SonarQubeServer>
      </list>
    </option>
    <rules />
  </component>
</application>