<application>
  <component name="CPPToolchains" version="7">
    <toolchains detectedVersion="5">
      <toolchain name="Visual Studio" toolSetKind="MSVC" toolSetPath="C:\Program Files\Microsoft Visual Studio\2022\Enterprise" debuggerKind="BUNDLED_LLDB">
        <toolSetOption type="msvc.arch" value="amd64" />
      </toolchain>
      <toolchain name="WSL-Debian" toolSetKind="WSL" toolSetPath="Debian" customCMakePath="\usr\bin\cmake" debuggerKind="CUSTOM_GDB" customGDBPath="\usr\bin\gdb" />
      <toolchain name="WSL-Ubuntu" toolSetKind="WSL" toolSetPath="Ubuntu" customCMakePath="\usr\bin\cmake" debuggerKind="CUSTOM_GDB" customGDBPath="\usr\bin\gdb" />
      <toolchain name="MinGW" toolSetKind="MINGW" toolSetPath="BUNDLED_MINGW" debuggerKind="BUNDLED_GDB" />
    </toolchains>
  </component>
</application>