<application>
  <component name="FileTypeManager" version="19">
    <extensionMap>
      <mapping ext="swift-format" type="JSON" />
      <mapping pattern="mcp.json" type="JSON5" />
      <mapping ext="gradle.kts" type="Kotlin" />
      <mapping ext="main.kts" type="Kotlin" />
      <mapping ext="jks" type="PLAIN_TEXT" />
      <mapping ext="xcscheme" type="XML" />
      <mapping ext="gpx" type="XML" />
      <removed_mapping ext="apk" approved="true" type="ARCHIVE" />
      <removed_mapping ext="psd" approved="true" type="Image" />
      <removed_mapping pattern="pubspec.lock" approved="true" type="YAML" />
    </extensionMap>
  </component>
</application>