<application>
  <component name="FindSettings">
    <option name="customScope" value="All Places" />
    <option name="defaultScopeName" value="All Places" />
    <option name="SEARCH_SCOPE" value="All Places" />
    <option name="FILE_MASK" value="*.dart" />
    <mask>*.css</mask>
    <mask>*.html</mask>
    <mask>*.jsp</mask>
    <mask>*.properties</mask>
    <mask>*build.gradle</mask>
    <mask>getter</mask>
    <mask>*.</mask>
    <mask>*.java</mask>
    <mask>*.h</mask>
    <mask>pubspec.yaml</mask>
    <mask>*.kt</mask>
    <mask>*.plist</mask>
    <mask>*.xml</mask>
    <mask>.*.dart</mask>
    <mask>*.dart</mask>
  </component>
</application>