<application>
  <component name="GeneralSettings">
    <option name="showTipsOnStartup" value="true" />
    <option name="searchInBackground" value="true" />
    <option name="confirmOpenNewProject2" value="-1" />
  </component>
  <component name="Registry">
    <entry key="ide.experimental.ui" value="true" />
    <entry key="debugger.watches.in.variables" value="false" />
    <entry key="debugger.new.tool.window.layout" value="true" />
    <entry key="i18n.locale" value="" />
    <entry key="ide.browser.jcef.sandbox.enable" value="false" />
    <entry key="ide.balloon.shadow.size" value="0" />
    <entry key="ide.editor.tab.selection.animation" value="true" />
    <entry key="ide.new.editor.tabs.vertical.borders" value="true" />
    <entry key="ide.animate.toolwindows" value="true" />
  </component>
</application>