<application>
  <component name="BuildProcessSatisfactionSurveyStore">
    <option name="daysWithGradleBuilds" value="2" />
    <option name="firstKotlinGradleBuildTime" value="1744242473" />
    <option name="lastKotlinGradleBuildTime" value="1745845340" />
    <option name="nextCountedGradleBuild" value="1745931740" />
  </component>
  <component name="KotlinNewUserTracker">
    <option name="firstKtFileOpened" value="1715607375" />
    <option name="lastKtFileOpened" value="1729646669" />
  </component>
</application>