<application>
  <component name="BuildProcessSatisfactionSurveyStore">
    <option name="daysWithGradleBuilds" value="1" />
    <option name="firstKotlinGradleBuildTime" value="1744242473" />
    <option name="lastKotlinGradleBuildTime" value="1744243059" />
    <option name="nextCountedGradleBuild" value="1744328873" />
  </component>
  <component name="KotlinNewUserTracker">
    <option name="firstKtFileOpened" value="1715607375" />
    <option name="lastKtFileOpened" value="1729646669" />
  </component>
</application>