<application>
  <component name="ProjectManager">
    <defaultProject>
      <component name="MaterialThemeProjectNewConfig">
        <option name="metadata">
          <MTProjectMetadataState>
            <option name="migrated" value="true" />
            <option name="pristineConfig" value="false" />
            <option name="userId" value="-112d21d6:1864ea84965:-8000" />
            <option name="version" value="8.13.2" />
          </MTProjectMetadataState>
        </option>
      </component>
      <component name="PropertiesComponent">{
  &quot;keyToString&quot;: {
    &quot;settings.editor.selected.configurable&quot;: &quot;preferences.fileTypes&quot;
  }
}</component>
      <component name="WindowStateProjectService">
        <state x="472" y="102" key="SettingsEditor" timestamp="1709284596105">
          <screen x="0" y="25" width="1920" height="978" />
        </state>
        <state x="472" y="102" key="SettingsEditor/1920.117.1440.875/0.25.1920.978" timestamp="1709284596105" />
      </component>
    </defaultProject>
  </component>
</application>