<application>
  <component name="ProjectManager">
    <defaultProject>
      <component name="AutoImportSettings">
        <option name="autoReloadType" value="NONE" />
      </component>
      <component name="MaterialThemeProjectNewConfig">
        <option name="metadata">
          <MTProjectMetadataState>
            <option name="migrated" value="true" />
            <option name="pristineConfig" value="false" />
            <option name="userId" value="-112d21d6:1864ea84965:-8000" />
            <option name="version" value="8.13.2" />
          </MTProjectMetadataState>
        </option>
      </component>
      <component name="PropertiesComponent">{
  &quot;keyToString&quot;: {
    &quot;settings.editor.selected.configurable&quot;: &quot;preferences.language.Kotlin&quot;
  }
}</component>
      <component name="WindowStateProjectService">
        <state x="560" y="160" key="#com.intellij.openapi.updateSettings.impl.PluginUpdateInfoDialog" timestamp="1744241591235">
          <screen x="0" y="25" width="1920" height="979" />
        </state>
        <state x="560" y="159" key="#com.intellij.openapi.updateSettings.impl.PluginUpdateInfoDialog.ideScale=110" timestamp="1737514153120">
          <screen x="0" y="25" width="1920" height="975" />
        </state>
        <state x="560" y="159" key="#com.intellij.openapi.updateSettings.impl.PluginUpdateInfoDialog.ideScale=110/1920.117.1440.875/0.25.1920.975" timestamp="1737514153120" />
        <state x="560" y="160" key="#com.intellij.openapi.updateSettings.impl.PluginUpdateInfoDialog/1920.117.1440.875/0.25.1920.979" timestamp="1744241591235" />
        <state x="432" y="100" key="SettingsEditor" timestamp="1744241683200">
          <screen x="0" y="25" width="1920" height="979" />
        </state>
        <state x="432" y="100" key="SettingsEditor/1920.117.1440.875/0.25.1920.979" timestamp="1744241683200" />
      </component>
    </defaultProject>
  </component>
</application>