<application>
  <component name="ProjectManager">
    <defaultProject>
      <component name="MaterialThemeProjectNewConfig">
        <option name="metadata">
          <MTProjectMetadataState>
            <option name="migrated" value="true" />
            <option name="pristineConfig" value="false" />
            <option name="userId" value="-112d21d6:1864ea84965:-8000" />
            <option name="version" value="8.13.2" />
          </MTProjectMetadataState>
        </option>
      </component>
      <component name="PropertiesComponent">{
  &quot;keyToString&quot;: {
    &quot;settings.editor.selected.configurable&quot;: &quot;preferences.pluginManager&quot;
  }
}</component>
      <component name="VcsDirectoryMappings" defaultProject="true" />
      <component name="WindowStateProjectService">
        <state x="1520" y="423" key="#com.intellij.openapi.updateSettings.impl.PluginUpdateInfoDialog" timestamp="1742917378113">
          <screen x="0" y="25" width="3840" height="1497" />
        </state>
        <state x="1520" y="423" key="#com.intellij.openapi.updateSettings.impl.PluginUpdateInfoDialog/3840.412.1440.875/0.25.3840.1497" timestamp="1742917378113" />
        <state x="465" y="100" key="SettingsEditor" timestamp="1737252650495">
          <screen x="0" y="25" width="1920" height="975" />
        </state>
        <state x="465" y="100" key="SettingsEditor/1920.117.1440.875/0.25.1920.975" timestamp="1737252650495" />
      </component>
    </defaultProject>
  </component>
</application>