<application>
  <component name="ProjectManager">
    <defaultProject>
      <component name="PropertiesComponent"><![CDATA[{
  "keyToString": {
    "settings.editor.selected.configurable": "preferences.keymap"
  }
}]]></component>
      <component name="WindowStateProjectService">
        <state x="468" y="121" key="SettingsEditor" timestamp="1710105312400">
          <screen x="0" y="25" width="1920" height="978" />
        </state>
        <state x="468" y="121" key="SettingsEditor/1920.117.1440.875/0.25.1920.978" timestamp="1710105312400" />
      </component>
    </defaultProject>
  </component>
</application>