<application>
  <component name="StudioBotSettings">
    <option name="acceptedTermsVersion" value="3" />
    <option name="contextSharingModeV2" value="NeverShare" />
    <option name="onboardedVersion" value="3" />
    <option name="queryHistory">
      <list>
        <historyEntry timestamp="1743238278019">What is the difference?</historyEntry>
        <historyEntry timestamp="1743238265833">Tell me about Gemini 2.5</historyEntry>
        <historyEntry timestamp="1743238255185">tell me about flutter</historyEntry>
        <historyEntry timestamp="1743238242253">What version of Gemini are you?</historyEntry>
        <historyEntry timestamp="1732806779767">Where in my code base am I using WebViewController?</historyEntry>
      </list>
    </option>
  </component>
</application>