<application>
  <component name="DimensionService">
    <location key="WELCOME_SCREEN.0.0.3840.2160@192dpi" x="1920" y="600" />
    <location key="find.popup.0.0.3840.2160@192dpi" x="766" y="344" />
    <location key="WELCOME_SCREEN.0.0.2880.1800@192dpi" x="1440" y="600" />
    <location key="find.popup.0.0.1920.1080" x="739" y="158" />
    <location key="find.popup.0.0.3840.1600" x="1893" y="411" />
    <location key="find.popup.0.0.2880.1800@192dpi" x="358" y="194" />
    <location key="find.popup.1440.0.1920.1080" x="2718" y="121" />
    <size key="find.popup.0.0.3840.2160@192dpi" width="1530" height="1112" />
    <size key="GridCell.Tab.0.left.0.0.3840.2160@192dpi" width="3676" height="562" />
    <size key="GridCell.Tab.0.center.0.0.3840.2160@192dpi" width="3676" height="562" />
    <size key="GridCell.Tab.0.right.0.0.3840.2160@192dpi" width="3676" height="562" />
    <size key="GridCell.Tab.0.bottom.0.0.3840.2160@192dpi" width="3676" height="562" />
    <size key="GridCell.Tab.1.left.0.0.3840.2160@192dpi" width="3676" height="562" />
    <size key="GridCell.Tab.1.center.0.0.3840.2160@192dpi" width="3676" height="562" />
    <size key="GridCell.Tab.1.right.0.0.3840.2160@192dpi" width="3676" height="562" />
    <size key="GridCell.Tab.1.bottom.0.0.3840.2160@192dpi" width="3676" height="562" />
    <size key="GridCell.Tab.0.left.3840.176.2880.1800@192dpi" width="2796" height="590" />
    <size key="GridCell.Tab.0.center.3840.176.2880.1800@192dpi" width="2796" height="590" />
    <size key="GridCell.Tab.0.right.3840.176.2880.1800@192dpi" width="2796" height="590" />
    <size key="GridCell.Tab.0.bottom.3840.176.2880.1800@192dpi" width="2796" height="590" />
    <size key="GridCell.Tab.1.left.3840.176.2880.1800@192dpi" width="2796" height="590" />
    <size key="GridCell.Tab.1.center.3840.176.2880.1800@192dpi" width="2796" height="590" />
    <size key="GridCell.Tab.1.right.3840.176.2880.1800@192dpi" width="2796" height="590" />
    <size key="GridCell.Tab.1.bottom.3840.176.2880.1800@192dpi" width="2796" height="590" />
    <size key="GridCell.Tab.0.left.0.0.1920.1080" width="1838" height="277" />
    <size key="GridCell.Tab.0.center.0.0.1920.1080" width="1838" height="277" />
    <size key="GridCell.Tab.0.right.0.0.1920.1080" width="1838" height="277" />
    <size key="GridCell.Tab.0.bottom.0.0.1920.1080" width="1838" height="277" />
    <size key="GridCell.Tab.1.left.0.0.1920.1080" width="1838" height="277" />
    <size key="GridCell.Tab.1.center.0.0.1920.1080" width="1838" height="277" />
    <size key="GridCell.Tab.1.right.0.0.1920.1080" width="1838" height="277" />
    <size key="GridCell.Tab.1.bottom.0.0.1920.1080" width="1838" height="277" />
    <size key="find.popup.0.0.1920.1080" width="962" height="538" />
    <size key="GridCell.Tab.0.left.0.0.2880.1800@192dpi" width="2716" height="328" />
    <size key="GridCell.Tab.0.center.0.0.2880.1800@192dpi" width="2716" height="328" />
    <size key="GridCell.Tab.0.right.0.0.2880.1800@192dpi" width="2716" height="328" />
    <size key="GridCell.Tab.0.bottom.0.0.2880.1800@192dpi" width="2716" height="328" />
    <size key="GridCell.Tab.1.left.0.0.2880.1800@192dpi" width="2716" height="328" />
    <size key="GridCell.Tab.1.center.0.0.2880.1800@192dpi" width="2716" height="328" />
    <size key="GridCell.Tab.1.right.0.0.2880.1800@192dpi" width="2716" height="328" />
    <size key="GridCell.Tab.1.bottom.0.0.2880.1800@192dpi" width="2716" height="328" />
    <size key="GridCell.Tab.-1.left.0.0.3840.2160@192dpi" width="3756" height="608" />
    <size key="GridCell.Tab.-1.center.0.0.3840.2160@192dpi" width="3756" height="608" />
    <size key="GridCell.Tab.-1.right.0.0.3840.2160@192dpi" width="3756" height="608" />
    <size key="GridCell.Tab.-1.bottom.0.0.3840.2160@192dpi" width="3756" height="608" />
    <size key="GridCell.Tab.0.left.0.0.3840.1600" width="1839" height="387" />
    <size key="GridCell.Tab.0.center.0.0.3840.1600" width="1839" height="387" />
    <size key="GridCell.Tab.0.right.0.0.3840.1600" width="1839" height="387" />
    <size key="GridCell.Tab.0.bottom.0.0.3840.1600" width="1839" height="387" />
    <size key="GridCell.Tab.1.left.0.0.3840.1600" width="1839" height="387" />
    <size key="GridCell.Tab.1.center.0.0.3840.1600" width="1839" height="387" />
    <size key="GridCell.Tab.1.right.0.0.3840.1600" width="1839" height="387" />
    <size key="GridCell.Tab.1.bottom.0.0.3840.1600" width="1839" height="387" />
    <size key="find.popup.0.0.3840.1600" width="1386" height="918" />
    <size key="find.popup.0.0.2880.1800@192dpi" width="1496" height="1386" />
    <size key="GridCell.Tab.0.left.1440.0.1920.1080" width="1838" height="356" />
    <size key="GridCell.Tab.0.center.1440.0.1920.1080" width="1838" height="356" />
    <size key="GridCell.Tab.0.right.1440.0.1920.1080" width="1838" height="356" />
    <size key="GridCell.Tab.0.bottom.1440.0.1920.1080" width="1838" height="356" />
    <size key="GridCell.Tab.1.left.1440.0.1920.1080" width="1838" height="356" />
    <size key="GridCell.Tab.1.center.1440.0.1920.1080" width="1838" height="356" />
    <size key="GridCell.Tab.1.right.1440.0.1920.1080" width="1838" height="356" />
    <size key="GridCell.Tab.1.bottom.1440.0.1920.1080" width="1838" height="356" />
    <size key="find.popup.1440.0.1920.1080" width="642" height="569" />
    <size key="GridCell.Tab.-1.left.0.0.3840.1600" width="1838" height="452" />
    <size key="GridCell.Tab.-1.center.0.0.3840.1600" width="1838" height="452" />
    <size key="GridCell.Tab.-1.right.0.0.3840.1600" width="1838" height="452" />
    <size key="GridCell.Tab.-1.bottom.0.0.3840.1600" width="1838" height="452" />
    <size key="GridCell.Tab.2.left.0.0.3840.1600" width="1838" height="452" />
    <size key="GridCell.Tab.2.center.0.0.3840.1600" width="1838" height="452" />
    <size key="GridCell.Tab.2.right.0.0.3840.1600" width="1838" height="452" />
    <size key="GridCell.Tab.2.bottom.0.0.3840.1600" width="1838" height="452" />
    <size key="GridCell.Tab.3.left.0.0.3840.1600" width="1838" height="452" />
    <size key="GridCell.Tab.3.center.0.0.3840.1600" width="1838" height="452" />
    <size key="GridCell.Tab.3.right.0.0.3840.1600" width="1838" height="452" />
    <size key="GridCell.Tab.3.bottom.0.0.3840.1600" width="1838" height="452" />
    <size key="GridCell.Tab.0.left.3840.184.2880.1800@192dpi" width="2716" height="526" />
    <size key="GridCell.Tab.0.center.3840.184.2880.1800@192dpi" width="2716" height="526" />
    <size key="GridCell.Tab.0.right.3840.184.2880.1800@192dpi" width="2716" height="526" />
    <size key="GridCell.Tab.0.bottom.3840.184.2880.1800@192dpi" width="2716" height="526" />
  </component>
  <component name="WindowManager">
    <frame x="0" y="25" width="1920" height="979" extendedState="6" />
  </component>
  <component name="WindowStateApplicationService">
    <state width="413" height="111" key="ShowUsagesActions.dimensionServiceKey" timestamp="1754654102302">
      <screen x="0" y="25" width="1920" height="979" />
    </state>
    <state width="493" height="111" key="ShowUsagesActions.dimensionServiceKey/1920.117.1440.875/0.25.1920.977" timestamp="1753692267057" />
    <state width="413" height="111" key="ShowUsagesActions.dimensionServiceKey/1920.117.1440.875/0.25.1920.979" timestamp="1754654102302" />
    <state width="541" height="159" key="ShowUsagesActions.dimensionServiceKey/3840.412.1440.875/0.25.3840.1497" timestamp="1754384335153" />
    <state x="1920" y="725" width="2134" height="1196" key="WELCOME_SCREEN" timestamp="1758533385260">
      <screen x="0" y="31" width="3840" height="1486" />
    </state>
    <state x="719" y="404" width="801" height="650" key="WELCOME_SCREEN/0.25.1440.813" timestamp="1751326947488" />
    <state x="720" y="405" width="800" height="657" key="WELCOME_SCREEN/0.25.1440.815" timestamp="1755293789657" />
    <state x="719" y="406" width="801" height="652" key="WELCOME_SCREEN/0.25.1440.817" timestamp="1753259278922" />
    <state x="720" y="408" width="800" height="650" key="WELCOME_SCREEN/0.31.1440.808" timestamp="1758383056351" />
    <state x="960" y="460" width="800" height="656" key="WELCOME_SCREEN/1920.117.1440.875/0.25.1920.977" timestamp="1755029537574" />
    <state x="1098" y="490" width="1077" height="716" key="WELCOME_SCREEN/1920.117.1440.875/0.25.1920.979" timestamp="1756858297106" />
    <state x="960" y="461" width="800" height="659" key="WELCOME_SCREEN/1920.117.1440.875/0.25.1920.981" timestamp="1757889051894" />
    <state x="959" y="471" width="1077" height="719" key="WELCOME_SCREEN/1920.117.1440.875/0.25.1920.982" timestamp="1757543487263" />
    <state x="960" y="463" width="800" height="652" key="WELCOME_SCREEN/1920.123.1440.869/0.31.1920.970" timestamp="1758230963639" />
    <state x="1920" y="723" width="2134" height="1194" key="WELCOME_SCREEN/3840.412.1440.875/0.25.3840.1497" timestamp="1755075289675" />
    <state x="1920" y="725" width="2134" height="1196" key="WELCOME_SCREEN/3840.418.1440.869/0.31.3840.1486" timestamp="1758533385260" />
  </component>
</application>