<application>
  <component name="DimensionService">
    <location key="WELCOME_SCREEN.0.0.3840.2160@192dpi" x="1920" y="600" />
    <location key="find.popup.0.0.3840.2160@192dpi" x="1172" y="346" />
    <location key="WELCOME_SCREEN.0.0.2880.1800@192dpi" x="1440" y="600" />
    <location key="find.popup.0.0.1920.1080" x="739" y="158" />
    <location key="find.popup.-3840.0.3840.1600" x="-2396" y="228" />
    <location key="find.popup.0.0.2880.1800@192dpi" x="1172" y="346" />
    <location key="find.popup.-3840.-387.3840.1600" x="-2278" y="-90" />
    <location key="find.popup.3840.184.2880.1800@192dpi" x="4924" y="468" />
    <location key="find.popup.0.0.3840.1600" x="1444" y="230" />
    <size key="find.popup.0.0.3840.2160@192dpi" width="2462" height="1508" />
    <size key="GridCell.Tab.0.left.0.0.3840.2160@192dpi" width="3676" height="612" />
    <size key="GridCell.Tab.0.center.0.0.3840.2160@192dpi" width="3676" height="612" />
    <size key="GridCell.Tab.0.right.0.0.3840.2160@192dpi" width="3676" height="612" />
    <size key="GridCell.Tab.0.bottom.0.0.3840.2160@192dpi" width="3676" height="612" />
    <size key="GridCell.Tab.1.left.0.0.3840.2160@192dpi" width="3676" height="816" />
    <size key="GridCell.Tab.1.center.0.0.3840.2160@192dpi" width="3676" height="816" />
    <size key="GridCell.Tab.1.right.0.0.3840.2160@192dpi" width="3676" height="816" />
    <size key="GridCell.Tab.1.bottom.0.0.3840.2160@192dpi" width="3676" height="816" />
    <size key="GridCell.Tab.0.left.3840.176.2880.1800@192dpi" width="2796" height="590" />
    <size key="GridCell.Tab.0.center.3840.176.2880.1800@192dpi" width="2796" height="590" />
    <size key="GridCell.Tab.0.right.3840.176.2880.1800@192dpi" width="2796" height="590" />
    <size key="GridCell.Tab.0.bottom.3840.176.2880.1800@192dpi" width="2796" height="590" />
    <size key="GridCell.Tab.1.left.3840.176.2880.1800@192dpi" width="2796" height="590" />
    <size key="GridCell.Tab.1.center.3840.176.2880.1800@192dpi" width="2796" height="590" />
    <size key="GridCell.Tab.1.right.3840.176.2880.1800@192dpi" width="2796" height="590" />
    <size key="GridCell.Tab.1.bottom.3840.176.2880.1800@192dpi" width="2796" height="590" />
    <size key="GridCell.Tab.0.left.0.0.1920.1080" width="1838" height="277" />
    <size key="GridCell.Tab.0.center.0.0.1920.1080" width="1838" height="277" />
    <size key="GridCell.Tab.0.right.0.0.1920.1080" width="1838" height="277" />
    <size key="GridCell.Tab.0.bottom.0.0.1920.1080" width="1838" height="277" />
    <size key="GridCell.Tab.1.left.0.0.1920.1080" width="1838" height="277" />
    <size key="GridCell.Tab.1.center.0.0.1920.1080" width="1838" height="277" />
    <size key="GridCell.Tab.1.right.0.0.1920.1080" width="1838" height="277" />
    <size key="GridCell.Tab.1.bottom.0.0.1920.1080" width="1838" height="277" />
    <size key="find.popup.0.0.1920.1080" width="962" height="538" />
    <size key="GridCell.Tab.0.left.0.0.2880.1800@192dpi" width="3676" height="612" />
    <size key="GridCell.Tab.0.center.0.0.2880.1800@192dpi" width="3676" height="612" />
    <size key="GridCell.Tab.0.right.0.0.2880.1800@192dpi" width="3676" height="612" />
    <size key="GridCell.Tab.0.bottom.0.0.2880.1800@192dpi" width="3676" height="612" />
    <size key="GridCell.Tab.1.left.0.0.2880.1800@192dpi" width="2796" height="576" />
    <size key="GridCell.Tab.1.center.0.0.2880.1800@192dpi" width="2796" height="576" />
    <size key="GridCell.Tab.1.right.0.0.2880.1800@192dpi" width="2796" height="576" />
    <size key="GridCell.Tab.1.bottom.0.0.2880.1800@192dpi" width="2796" height="576" />
    <size key="GridCell.Tab.-1.left.0.0.3840.2160@192dpi" width="3756" height="608" />
    <size key="GridCell.Tab.-1.center.0.0.3840.2160@192dpi" width="3756" height="608" />
    <size key="GridCell.Tab.-1.right.0.0.3840.2160@192dpi" width="3756" height="608" />
    <size key="GridCell.Tab.-1.bottom.0.0.3840.2160@192dpi" width="3756" height="608" />
    <size key="GridCell.Tab.0.left.3840.184.2880.1800@192dpi" width="3676" height="846" />
    <size key="GridCell.Tab.0.center.3840.184.2880.1800@192dpi" width="3676" height="846" />
    <size key="GridCell.Tab.0.right.3840.184.2880.1800@192dpi" width="3676" height="846" />
    <size key="GridCell.Tab.0.bottom.3840.184.2880.1800@192dpi" width="3676" height="846" />
    <size key="find.popup.-3840.0.3840.1600" width="1768" height="857" />
    <size key="GridCell.Tab.0.left.-3840.0.3840.1600" width="1838" height="389" />
    <size key="GridCell.Tab.0.center.-3840.0.3840.1600" width="1838" height="389" />
    <size key="GridCell.Tab.0.right.-3840.0.3840.1600" width="1838" height="389" />
    <size key="GridCell.Tab.0.bottom.-3840.0.3840.1600" width="1838" height="389" />
    <size key="find.popup.0.0.2880.1800@192dpi" width="1298" height="1112" />
    <size key="find.popup.-3840.-387.3840.1600" width="1298" height="857" />
    <size key="GridCell.Tab.0.left.-3840.-387.3840.1600" width="1838" height="283" />
    <size key="GridCell.Tab.0.center.-3840.-387.3840.1600" width="1838" height="283" />
    <size key="GridCell.Tab.0.right.-3840.-387.3840.1600" width="1838" height="283" />
    <size key="GridCell.Tab.0.bottom.-3840.-387.3840.1600" width="1838" height="283" />
    <size key="find.popup.3840.184.2880.1800@192dpi" width="1524" height="1004" />
    <size key="find.popup.0.0.3840.1600" width="1298" height="857" />
    <size key="GridCell.Tab.0.left.0.0.3840.1600" width="1838" height="491" />
    <size key="GridCell.Tab.0.center.0.0.3840.1600" width="1838" height="491" />
    <size key="GridCell.Tab.0.right.0.0.3840.1600" width="1838" height="491" />
    <size key="GridCell.Tab.0.bottom.0.0.3840.1600" width="1838" height="491" />
  </component>
  <component name="WindowManager">
    <frame x="0" y="25" width="1440" height="815" extendedState="6" />
  </component>
  <component name="WindowStateApplicationService">
    <state width="622" height="163" key="ShowUsagesActions.dimensionServiceKey" timestamp="1740963119016">
      <screen x="0" y="25" width="1920" height="979" />
    </state>
    <state width="523" height="190" key="ShowUsagesActions.dimensionServiceKey.ideScale=110" timestamp="1737731397634">
      <screen x="0" y="25" width="1920" height="977" />
    </state>
    <state width="523" height="190" key="ShowUsagesActions.dimensionServiceKey.ideScale=110/1920.117.1440.875/0.25.1920.977" timestamp="1737731397634" />
    <state width="588" height="139" key="ShowUsagesActions.dimensionServiceKey/0.25.1440.875/-3840.-362.3840.1497" timestamp="1739201598799" />
    <state width="622" height="163" key="ShowUsagesActions.dimensionServiceKey/1920.117.1440.875/0.25.1920.979" timestamp="1740963119016" />
    <state x="960" y="460" width="800" height="656" key="WELCOME_SCREEN" timestamp="1744858636946">
      <screen x="0" y="25" width="1920" height="977" />
    </state>
    <state x="960" y="461" width="800" height="660" key="WELCOME_SCREEN.ideScale=110" timestamp="1738316003998">
      <screen x="0" y="25" width="1920" height="979" />
    </state>
    <state x="720" y="411" width="800" height="656" key="WELCOME_SCREEN.ideScale=110/0.25.1440.795" timestamp="1737378669734" />
    <state x="720" y="406" width="800" height="660" key="WELCOME_SCREEN.ideScale=110/0.25.1440.815" timestamp="1738292171745" />
    <state x="720" y="434" width="800" height="709" key="WELCOME_SCREEN.ideScale=110/0.25.1440.875/-3840.25.3840.1497" timestamp="1738252994110" />
    <state x="960" y="459" width="800" height="656" key="WELCOME_SCREEN.ideScale=110/1920.117.1440.875/0.25.1920.975" timestamp="1737514164375" />
    <state x="960" y="460" width="800" height="658" key="WELCOME_SCREEN.ideScale=110/1920.117.1440.875/0.25.1920.977" timestamp="1737762778544" />
    <state x="960" y="461" width="800" height="660" key="WELCOME_SCREEN.ideScale=110/1920.117.1440.875/0.25.1920.979" timestamp="1738316003998" />
    <state x="720" y="423" width="1440" height="797" key="WELCOME_SCREEN/0.25.1440.797" timestamp="1742295766334" />
    <state x="720" y="404" width="800" height="650" key="WELCOME_SCREEN/0.25.1440.813" timestamp="1736287713357" />
    <state x="720" y="404" width="800" height="650" key="WELCOME_SCREEN/0.25.1440.814" timestamp="1744852766527" />
    <state x="720" y="405" width="800" height="653" key="WELCOME_SCREEN/0.25.1440.815" timestamp="1743800616368" />
    <state x="820" y="439" width="800" height="650" key="WELCOME_SCREEN/0.25.1440.815/-3840.-362.3840.1575" timestamp="1740472391179" />
    <state x="720" y="405" width="800" height="650" key="WELCOME_SCREEN/0.25.1440.817" timestamp="1741867757001" />
    <state x="720" y="406" width="800" height="653" key="WELCOME_SCREEN/0.25.1440.818" timestamp="1741560307195" />
    <state x="720" y="425" width="800" height="650" key="WELCOME_SCREEN/0.25.1440.875/-3840.-362.3840.1497" timestamp="1741859629056" />
    <state x="820" y="445" width="800" height="650" key="WELCOME_SCREEN/0.25.1440.875/-3840.25.3840.1497" timestamp="1738572486530" />
    <state x="960" y="513" width="1920" height="977" key="WELCOME_SCREEN/0.25.1920.977" timestamp="1742295640796" />
    <state x="960" y="459" width="800" height="656" key="WELCOME_SCREEN/1920.117.1440.875/0.25.1920.975" timestamp="1737251646282" />
    <state x="960" y="460" width="800" height="656" key="WELCOME_SCREEN/1920.117.1440.875/0.25.1920.977" timestamp="1744858636946" />
    <state x="960" y="460" width="800" height="657" key="WELCOME_SCREEN/1920.117.1440.875/0.25.1920.979" timestamp="1744572297151" />
    <state x="960" y="460" width="800" height="657" key="WELCOME_SCREEN/1920.117.1440.875/0.25.1920.981" timestamp="1743566208766" />
    <state x="959" y="485" width="1103" height="800" key="WELCOME_SCREEN/1920.117.1440.875/0.25.1920.982" timestamp="1741786199129" />
    <state x="960" y="468" width="800" height="668" key="WELCOME_SCREEN/1920.117.1440.875/0.25.1920.995" timestamp="1738540362226" />
    <state x="1920" y="722" width="2134" height="1192" key="WELCOME_SCREEN/3840.412.1440.875/0.25.3840.1497" timestamp="1743067846765" />
  </component>
</application>