<application>
  <component name="DimensionService">
    <location key="WELCOME_SCREEN.0.0.3840.2160@192dpi" x="1920" y="600" />
    <location key="find.popup.0.0.3840.2160@192dpi" x="2122" y="226" />
    <location key="WELCOME_SCREEN.0.0.2880.1800@192dpi" x="1440" y="600" />
    <location key="find.popup.0.0.1920.1080" x="739" y="158" />
    <location key="find.popup.0.0.3840.1600" x="2629" y="161" />
    <location key="find.popup.0.0.2880.1800@192dpi" x="1596" y="198" />
    <location key="find.popup.1440.0.1920.1080" x="2718" y="121" />
    <size key="find.popup.0.0.3840.2160@192dpi" width="1716" height="1080" />
    <size key="GridCell.Tab.0.left.0.0.3840.2160@192dpi" width="3676" height="578" />
    <size key="GridCell.Tab.0.center.0.0.3840.2160@192dpi" width="3676" height="578" />
    <size key="GridCell.Tab.0.right.0.0.3840.2160@192dpi" width="3676" height="578" />
    <size key="GridCell.Tab.0.bottom.0.0.3840.2160@192dpi" width="3676" height="578" />
    <size key="GridCell.Tab.1.left.0.0.3840.2160@192dpi" width="3676" height="578" />
    <size key="GridCell.Tab.1.center.0.0.3840.2160@192dpi" width="3676" height="578" />
    <size key="GridCell.Tab.1.right.0.0.3840.2160@192dpi" width="3676" height="578" />
    <size key="GridCell.Tab.1.bottom.0.0.3840.2160@192dpi" width="3676" height="578" />
    <size key="GridCell.Tab.0.left.3840.176.2880.1800@192dpi" width="2796" height="590" />
    <size key="GridCell.Tab.0.center.3840.176.2880.1800@192dpi" width="2796" height="590" />
    <size key="GridCell.Tab.0.right.3840.176.2880.1800@192dpi" width="2796" height="590" />
    <size key="GridCell.Tab.0.bottom.3840.176.2880.1800@192dpi" width="2796" height="590" />
    <size key="GridCell.Tab.1.left.3840.176.2880.1800@192dpi" width="2796" height="590" />
    <size key="GridCell.Tab.1.center.3840.176.2880.1800@192dpi" width="2796" height="590" />
    <size key="GridCell.Tab.1.right.3840.176.2880.1800@192dpi" width="2796" height="590" />
    <size key="GridCell.Tab.1.bottom.3840.176.2880.1800@192dpi" width="2796" height="590" />
    <size key="GridCell.Tab.0.left.0.0.1920.1080" width="1838" height="277" />
    <size key="GridCell.Tab.0.center.0.0.1920.1080" width="1838" height="277" />
    <size key="GridCell.Tab.0.right.0.0.1920.1080" width="1838" height="277" />
    <size key="GridCell.Tab.0.bottom.0.0.1920.1080" width="1838" height="277" />
    <size key="GridCell.Tab.1.left.0.0.1920.1080" width="1838" height="277" />
    <size key="GridCell.Tab.1.center.0.0.1920.1080" width="1838" height="277" />
    <size key="GridCell.Tab.1.right.0.0.1920.1080" width="1838" height="277" />
    <size key="GridCell.Tab.1.bottom.0.0.1920.1080" width="1838" height="277" />
    <size key="find.popup.0.0.1920.1080" width="962" height="538" />
    <size key="GridCell.Tab.0.left.0.0.2880.1800@192dpi" width="2716" height="408" />
    <size key="GridCell.Tab.0.center.0.0.2880.1800@192dpi" width="2716" height="408" />
    <size key="GridCell.Tab.0.right.0.0.2880.1800@192dpi" width="2716" height="408" />
    <size key="GridCell.Tab.0.bottom.0.0.2880.1800@192dpi" width="2716" height="408" />
    <size key="GridCell.Tab.1.left.0.0.2880.1800@192dpi" width="2716" height="408" />
    <size key="GridCell.Tab.1.center.0.0.2880.1800@192dpi" width="2716" height="408" />
    <size key="GridCell.Tab.1.right.0.0.2880.1800@192dpi" width="2716" height="408" />
    <size key="GridCell.Tab.1.bottom.0.0.2880.1800@192dpi" width="2716" height="408" />
    <size key="GridCell.Tab.-1.left.0.0.3840.2160@192dpi" width="3756" height="608" />
    <size key="GridCell.Tab.-1.center.0.0.3840.2160@192dpi" width="3756" height="608" />
    <size key="GridCell.Tab.-1.right.0.0.3840.2160@192dpi" width="3756" height="608" />
    <size key="GridCell.Tab.-1.bottom.0.0.3840.2160@192dpi" width="3756" height="608" />
    <size key="GridCell.Tab.0.left.0.0.3840.1600" width="1839" height="463" />
    <size key="GridCell.Tab.0.center.0.0.3840.1600" width="1839" height="463" />
    <size key="GridCell.Tab.0.right.0.0.3840.1600" width="1839" height="463" />
    <size key="GridCell.Tab.0.bottom.0.0.3840.1600" width="1839" height="463" />
    <size key="GridCell.Tab.1.left.0.0.3840.1600" width="1839" height="463" />
    <size key="GridCell.Tab.1.center.0.0.3840.1600" width="1839" height="463" />
    <size key="GridCell.Tab.1.right.0.0.3840.1600" width="1839" height="463" />
    <size key="GridCell.Tab.1.bottom.0.0.3840.1600" width="1839" height="463" />
    <size key="find.popup.0.0.3840.1600" width="1059" height="807" />
    <size key="find.popup.0.0.2880.1800@192dpi" width="1284" height="1076" />
    <size key="GridCell.Tab.0.left.1440.0.1920.1080" width="1838" height="356" />
    <size key="GridCell.Tab.0.center.1440.0.1920.1080" width="1838" height="356" />
    <size key="GridCell.Tab.0.right.1440.0.1920.1080" width="1838" height="356" />
    <size key="GridCell.Tab.0.bottom.1440.0.1920.1080" width="1838" height="356" />
    <size key="GridCell.Tab.1.left.1440.0.1920.1080" width="1838" height="356" />
    <size key="GridCell.Tab.1.center.1440.0.1920.1080" width="1838" height="356" />
    <size key="GridCell.Tab.1.right.1440.0.1920.1080" width="1838" height="356" />
    <size key="GridCell.Tab.1.bottom.1440.0.1920.1080" width="1838" height="356" />
    <size key="find.popup.1440.0.1920.1080" width="642" height="569" />
  </component>
  <component name="WindowManager">
    <frame x="489" y="64" width="1920" height="979" />
  </component>
  <component name="WindowStateApplicationService">
    <state width="413" height="870" key="ShowUsagesActions.dimensionServiceKey" timestamp="1744293980577">
      <screen x="0" y="25" width="1920" height="979" />
    </state>
    <state width="413" height="870" key="ShowUsagesActions.dimensionServiceKey/1920.117.1440.875/0.25.1920.979" timestamp="1744293980577" />
    <state width="555" height="142" key="ShowUsagesActions.dimensionServiceKey/3840.412.1440.875/0.25.3840.1497" timestamp="1743430154662" />
    <state x="1920" y="723" width="2134" height="1194" key="WELCOME_SCREEN" timestamp="1744878253695">
      <screen x="0" y="25" width="3840" height="1497" />
    </state>
    <state x="720" y="404" width="800" height="650" key="WELCOME_SCREEN/0.25.1440.813" timestamp="1736287713357" />
    <state x="720" y="404" width="800" height="650" key="WELCOME_SCREEN/0.25.1440.814" timestamp="1744854154659" />
    <state x="720" y="405" width="800" height="650" key="WELCOME_SCREEN/0.25.1440.815" timestamp="1743799859206" />
    <state x="820" y="439" width="800" height="650" key="WELCOME_SCREEN/0.25.1440.817" timestamp="1743581089191" />
    <state x="960" y="460" width="800" height="656" key="WELCOME_SCREEN/1920.117.1440.875/0.25.1920.975" timestamp="1737252662723" />
    <state x="960" y="460" width="800" height="656" key="WELCOME_SCREEN/1920.117.1440.875/0.25.1920.977" timestamp="1744857336673" />
    <state x="960" y="460" width="800" height="657" key="WELCOME_SCREEN/1920.117.1440.875/0.25.1920.979" timestamp="1744859633838" />
    <state x="960" y="461" width="800" height="659" key="WELCOME_SCREEN/1920.117.1440.875/0.25.1920.981" timestamp="1744297663985" />
    <state x="960" y="462" width="800" height="660" key="WELCOME_SCREEN/1920.117.1440.875/0.25.1920.982" timestamp="1739630651997" />
    <state x="1920" y="723" width="2134" height="1194" key="WELCOME_SCREEN/3840.412.1440.875/0.25.3840.1497" timestamp="1744878253695" />
  </component>
</application>