<application>
  <component name="DimensionService">
    <location key="WELCOME_SCREEN.0.0.3840.2160@192dpi" x="1920" y="600" />
    <location key="find.popup.0.0.3840.2160@192dpi" x="1478" y="316" />
    <location key="WELCOME_SCREEN.0.0.2880.1800@192dpi" x="1440" y="600" />
    <location key="find.popup.0.0.1920.1080" x="739" y="158" />
    <size key="find.popup.0.0.3840.2160@192dpi" width="1700" height="1088" />
    <size key="GridCell.Tab.0.left.0.0.3840.2160@192dpi" width="3676" height="816" />
    <size key="GridCell.Tab.0.center.0.0.3840.2160@192dpi" width="3676" height="816" />
    <size key="GridCell.Tab.0.right.0.0.3840.2160@192dpi" width="3676" height="816" />
    <size key="GridCell.Tab.0.bottom.0.0.3840.2160@192dpi" width="3676" height="816" />
    <size key="GridCell.Tab.1.left.0.0.3840.2160@192dpi" width="3676" height="816" />
    <size key="GridCell.Tab.1.center.0.0.3840.2160@192dpi" width="3676" height="816" />
    <size key="GridCell.Tab.1.right.0.0.3840.2160@192dpi" width="3676" height="816" />
    <size key="GridCell.Tab.1.bottom.0.0.3840.2160@192dpi" width="3676" height="816" />
    <size key="GridCell.Tab.0.left.3840.176.2880.1800@192dpi" width="2796" height="590" />
    <size key="GridCell.Tab.0.center.3840.176.2880.1800@192dpi" width="2796" height="590" />
    <size key="GridCell.Tab.0.right.3840.176.2880.1800@192dpi" width="2796" height="590" />
    <size key="GridCell.Tab.0.bottom.3840.176.2880.1800@192dpi" width="2796" height="590" />
    <size key="GridCell.Tab.1.left.3840.176.2880.1800@192dpi" width="2796" height="590" />
    <size key="GridCell.Tab.1.center.3840.176.2880.1800@192dpi" width="2796" height="590" />
    <size key="GridCell.Tab.1.right.3840.176.2880.1800@192dpi" width="2796" height="590" />
    <size key="GridCell.Tab.1.bottom.3840.176.2880.1800@192dpi" width="2796" height="590" />
    <size key="GridCell.Tab.0.left.0.0.1920.1080" width="1838" height="277" />
    <size key="GridCell.Tab.0.center.0.0.1920.1080" width="1838" height="277" />
    <size key="GridCell.Tab.0.right.0.0.1920.1080" width="1838" height="277" />
    <size key="GridCell.Tab.0.bottom.0.0.1920.1080" width="1838" height="277" />
    <size key="GridCell.Tab.1.left.0.0.1920.1080" width="1838" height="277" />
    <size key="GridCell.Tab.1.center.0.0.1920.1080" width="1838" height="277" />
    <size key="GridCell.Tab.1.right.0.0.1920.1080" width="1838" height="277" />
    <size key="GridCell.Tab.1.bottom.0.0.1920.1080" width="1838" height="277" />
    <size key="find.popup.0.0.1920.1080" width="962" height="538" />
    <size key="GridCell.Tab.0.left.0.0.2880.1800@192dpi" width="2796" height="576" />
    <size key="GridCell.Tab.0.center.0.0.2880.1800@192dpi" width="2796" height="576" />
    <size key="GridCell.Tab.0.right.0.0.2880.1800@192dpi" width="2796" height="576" />
    <size key="GridCell.Tab.0.bottom.0.0.2880.1800@192dpi" width="2796" height="576" />
    <size key="GridCell.Tab.1.left.0.0.2880.1800@192dpi" width="2796" height="576" />
    <size key="GridCell.Tab.1.center.0.0.2880.1800@192dpi" width="2796" height="576" />
    <size key="GridCell.Tab.1.right.0.0.2880.1800@192dpi" width="2796" height="576" />
    <size key="GridCell.Tab.1.bottom.0.0.2880.1800@192dpi" width="2796" height="576" />
    <size key="GridCell.Tab.-1.left.0.0.3840.2160@192dpi" width="3756" height="608" />
    <size key="GridCell.Tab.-1.center.0.0.3840.2160@192dpi" width="3756" height="608" />
    <size key="GridCell.Tab.-1.right.0.0.3840.2160@192dpi" width="3756" height="608" />
    <size key="GridCell.Tab.-1.bottom.0.0.3840.2160@192dpi" width="3756" height="608" />
  </component>
  <component name="WindowManager">
    <frame x="0" y="25" width="1920" height="975" extendedState="6" />
  </component>
  <component name="WindowStateApplicationService">
    <state x="560" y="159" key="#com.intellij.openapi.updateSettings.impl.PluginUpdateInfoDialog" timestamp="1733303595972">
      <screen x="0" y="25" width="1920" height="975" />
    </state>
    <state x="560" y="159" key="#com.intellij.openapi.updateSettings.impl.PluginUpdateInfoDialog/1920.117.1440.875/0.25.1920.977" timestamp="1729647104590" />
    <state x="560" y="159" key="#com.intellij.openapi.updateSettings.impl.PluginUpdateInfoDialog/1920.125.1440.875/0.25.1920.975" timestamp="1733303595972" />
    <state x="960" y="459" width="800" height="656" key="WELCOME_SCREEN" timestamp="1737251646282">
      <screen x="0" y="25" width="1920" height="975" />
    </state>
    <state x="720" y="404" width="800" height="650" key="WELCOME_SCREEN/0.25.1440.813" timestamp="1736287713357" />
    <state x="959" y="472" width="937" height="739" key="WELCOME_SCREEN/1920.117.1440.875/0.25.1920.973" timestamp="1735698571984" />
    <state x="960" y="459" width="800" height="656" key="WELCOME_SCREEN/1920.117.1440.875/0.25.1920.975" timestamp="1737251646282" />
    <state x="960" y="460" width="800" height="656" key="WELCOME_SCREEN/1920.117.1440.875/0.25.1920.977" timestamp="1732546369842" />
    <state x="960" y="460" width="800" height="657" key="WELCOME_SCREEN/1920.117.1440.875/0.25.1920.979" timestamp="1731508769323" />
    <state x="959" y="473" width="937" height="740" key="WELCOME_SCREEN/1920.125.1440.875/0.25.1920.975" timestamp="1733325159842" />
    <state x="960" y="459" width="800" height="657" key="WELCOME_SCREEN/1920.125.1440.875/0.25.1920.977" timestamp="1733321788679" />
  </component>
</application>