<application>
  <component name="FeatureSuggesterSettings">
    <option name="workingDays">
      <list>
        <option value="1649887987874" />
        <option value="1650024859806" />
        <option value="1650967456680" />
        <option value="1651738830163" />
        <option value="1652191140220" />
        <option value="1652430562334" />
        <option value="1653656812750" />
        <option value="1654812721825" />
        <option value="1655970242659" />
      </list>
    </option>
  </component>
</application>