<application>
  <component name="ProjectJdkTable">
    <jdk version="2">
      <name value="Android API 26 Platform" />
      <type value="Android SDK" />
      <version value="java version &quot;11.0.9&quot;" />
      <homePath value="$USER_HOME$/AppData/Local/Android/Sdk" />
      <roots>
        <annotationsPath>
          <root type="composite">
            <root url="jar://$APPLICATION_HOME_DIR$/plugins/android/lib/androidAnnotations.jar!/" type="simple" />
          </root>
        </annotationsPath>
        <classPath>
          <root type="composite">
            <root url="jar://$USER_HOME$/AppData/Local/Android/Sdk/platforms/android-26/android.jar!/" type="simple" />
            <root url="file://$USER_HOME$/AppData/Local/Android/Sdk/platforms/android-26/data/res" type="simple" />
          </root>
        </classPath>
        <javadocPath>
          <root type="composite">
            <root url="http://developer.android.com/reference/" type="simple" />
          </root>
        </javadocPath>
        <sourcePath>
          <root type="composite" />
        </sourcePath>
      </roots>
      <additional jdk="1.8" sdk="android-26" />
    </jdk>
    <jdk version="2">
      <name value="Android API 27 Platform" />
      <type value="Android SDK" />
      <version value="java version &quot;11.0.9&quot;" />
      <homePath value="$USER_HOME$/AppData/Local/Android/Sdk" />
      <roots>
        <annotationsPath>
          <root type="composite">
            <root url="jar://$APPLICATION_HOME_DIR$/plugins/android/lib/androidAnnotations.jar!/" type="simple" />
          </root>
        </annotationsPath>
        <classPath>
          <root type="composite">
            <root url="jar://$USER_HOME$/AppData/Local/Android/Sdk/platforms/android-27/android.jar!/" type="simple" />
            <root url="file://$USER_HOME$/AppData/Local/Android/Sdk/platforms/android-27/data/res" type="simple" />
          </root>
        </classPath>
        <javadocPath>
          <root type="composite">
            <root url="http://developer.android.com/reference/" type="simple" />
          </root>
        </javadocPath>
        <sourcePath>
          <root type="composite" />
        </sourcePath>
      </roots>
      <additional jdk="1.8" sdk="android-27" />
    </jdk>
    <jdk version="2">
      <name value="Android API 28 Platform" />
      <type value="Android SDK" />
      <version value="java version &quot;11.0.9&quot;" />
      <homePath value="$USER_HOME$/AppData/Local/Android/Sdk" />
      <roots>
        <annotationsPath>
          <root type="composite">
            <root url="jar://$USER_HOME$/AppData/Local/Android/Sdk/platforms/android-28/data/annotations.zip!/" type="simple" />
          </root>
        </annotationsPath>
        <classPath>
          <root type="composite">
            <root url="jar://$USER_HOME$/AppData/Local/Android/Sdk/platforms/android-28/android.jar!/" type="simple" />
            <root url="file://$USER_HOME$/AppData/Local/Android/Sdk/platforms/android-28/data/res" type="simple" />
          </root>
        </classPath>
        <javadocPath>
          <root type="composite" />
        </javadocPath>
        <sourcePath>
          <root type="composite">
            <root url="file://$USER_HOME$/AppData/Local/Android/Sdk/sources/android-28" type="simple" />
          </root>
        </sourcePath>
      </roots>
      <additional jdk="1.8" sdk="android-28" />
    </jdk>
    <jdk version="2">
      <name value="Android API 29 Platform" />
      <type value="Android SDK" />
      <version value="java version &quot;11.0.9&quot;" />
      <homePath value="$USER_HOME$/AppData/Local/Android/Sdk" />
      <roots>
        <annotationsPath>
          <root type="composite">
            <root url="jar://$APPLICATION_HOME_DIR$/plugins/android/lib/androidAnnotations.jar!/" type="simple" />
          </root>
        </annotationsPath>
        <classPath>
          <root type="composite">
            <root url="jar://$USER_HOME$/AppData/Local/Android/Sdk/platforms/android-29/android.jar!/" type="simple" />
            <root url="file://$USER_HOME$/AppData/Local/Android/Sdk/platforms/android-29/data/res" type="simple" />
          </root>
        </classPath>
        <javadocPath>
          <root type="composite" />
        </javadocPath>
        <sourcePath>
          <root type="composite">
            <root url="file://$USER_HOME$/AppData/Local/Android/Sdk/sources/android-29" type="simple" />
          </root>
        </sourcePath>
      </roots>
      <additional jdk="1.8" sdk="android-29" />
    </jdk>
    <jdk version="2">
      <name value="1.8" />
      <type value="JavaSDK" />
      <version value="java version &quot;1.8.0_265&quot;" />
      <homePath value="$USER_HOME$/.jdks/adopt-openjdk-1.8.0_265" />
      <roots>
        <annotationsPath>
          <root type="composite">
            <root url="jar://$APPLICATION_HOME_DIR$/plugins/java/lib/jdkAnnotations.jar!/" type="simple" />
          </root>
        </annotationsPath>
        <classPath>
          <root type="composite">
            <root url="jar://$USER_HOME$/.jdks/adopt-openjdk-1.8.0_265/jre/lib/charsets.jar!/" type="simple" />
            <root url="jar://$USER_HOME$/.jdks/adopt-openjdk-1.8.0_265/jre/lib/ext/access-bridge-64.jar!/" type="simple" />
            <root url="jar://$USER_HOME$/.jdks/adopt-openjdk-1.8.0_265/jre/lib/ext/cldrdata.jar!/" type="simple" />
            <root url="jar://$USER_HOME$/.jdks/adopt-openjdk-1.8.0_265/jre/lib/ext/dnsns.jar!/" type="simple" />
            <root url="jar://$USER_HOME$/.jdks/adopt-openjdk-1.8.0_265/jre/lib/ext/jaccess.jar!/" type="simple" />
            <root url="jar://$USER_HOME$/.jdks/adopt-openjdk-1.8.0_265/jre/lib/ext/localedata.jar!/" type="simple" />
            <root url="jar://$USER_HOME$/.jdks/adopt-openjdk-1.8.0_265/jre/lib/ext/nashorn.jar!/" type="simple" />
            <root url="jar://$USER_HOME$/.jdks/adopt-openjdk-1.8.0_265/jre/lib/ext/sunec.jar!/" type="simple" />
            <root url="jar://$USER_HOME$/.jdks/adopt-openjdk-1.8.0_265/jre/lib/ext/sunjce_provider.jar!/" type="simple" />
            <root url="jar://$USER_HOME$/.jdks/adopt-openjdk-1.8.0_265/jre/lib/ext/sunmscapi.jar!/" type="simple" />
            <root url="jar://$USER_HOME$/.jdks/adopt-openjdk-1.8.0_265/jre/lib/ext/sunpkcs11.jar!/" type="simple" />
            <root url="jar://$USER_HOME$/.jdks/adopt-openjdk-1.8.0_265/jre/lib/ext/zipfs.jar!/" type="simple" />
            <root url="jar://$USER_HOME$/.jdks/adopt-openjdk-1.8.0_265/jre/lib/jce.jar!/" type="simple" />
            <root url="jar://$USER_HOME$/.jdks/adopt-openjdk-1.8.0_265/jre/lib/jfr.jar!/" type="simple" />
            <root url="jar://$USER_HOME$/.jdks/adopt-openjdk-1.8.0_265/jre/lib/jsse.jar!/" type="simple" />
            <root url="jar://$USER_HOME$/.jdks/adopt-openjdk-1.8.0_265/jre/lib/management-agent.jar!/" type="simple" />
            <root url="jar://$USER_HOME$/.jdks/adopt-openjdk-1.8.0_265/jre/lib/resources.jar!/" type="simple" />
            <root url="jar://$USER_HOME$/.jdks/adopt-openjdk-1.8.0_265/jre/lib/rt.jar!/" type="simple" />
          </root>
        </classPath>
        <javadocPath>
          <root type="composite" />
        </javadocPath>
        <sourcePath>
          <root type="composite">
            <root url="jar://$USER_HOME$/.jdks/adopt-openjdk-1.8.0_265/src.zip!/" type="simple" />
          </root>
        </sourcePath>
      </roots>
      <additional />
    </jdk>
    <jdk version="2">
      <name value="Android API 30 Platform" />
      <type value="Android SDK" />
      <version value="java version &quot;11.0.9&quot;" />
      <homePath value="$USER_HOME$/AppData/Local/Android/Sdk" />
      <roots>
        <annotationsPath>
          <root type="composite">
            <root url="jar://$USER_HOME$/AppData/Local/Android/Sdk/platforms/android-30/data/annotations.zip!/" type="simple" />
          </root>
        </annotationsPath>
        <classPath>
          <root type="composite">
            <root url="jar://$USER_HOME$/AppData/Local/Android/Sdk/platforms/android-30/android.jar!/" type="simple" />
            <root url="file://$USER_HOME$/AppData/Local/Android/Sdk/platforms/android-30/data/res" type="simple" />
          </root>
        </classPath>
        <javadocPath>
          <root type="composite" />
        </javadocPath>
        <sourcePath>
          <root type="composite">
            <root url="file://$USER_HOME$/AppData/Local/Android/Sdk/sources/android-30" type="simple" />
          </root>
        </sourcePath>
      </roots>
      <additional jdk="1.8" sdk="android-30" />
    </jdk>
    <jdk version="2">
      <name value="17" />
      <type value="JavaSDK" />
      <version value="version 17" />
      <homePath value="C:/Program Files/Eclipse Foundation/jdk-17.0.0.35-hotspot" />
      <roots>
        <annotationsPath>
          <root type="composite">
            <root url="jar://$APPLICATION_HOME_DIR$/plugins/java/lib/jdkAnnotations.jar!/" type="simple" />
          </root>
        </annotationsPath>
        <classPath>
          <root type="composite">
            <root url="jrt://C:/Program Files/Eclipse Foundation/jdk-17.0.0.35-hotspot!/java.base" type="simple" />
            <root url="jrt://C:/Program Files/Eclipse Foundation/jdk-17.0.0.35-hotspot!/java.compiler" type="simple" />
            <root url="jrt://C:/Program Files/Eclipse Foundation/jdk-17.0.0.35-hotspot!/java.datatransfer" type="simple" />
            <root url="jrt://C:/Program Files/Eclipse Foundation/jdk-17.0.0.35-hotspot!/java.desktop" type="simple" />
            <root url="jrt://C:/Program Files/Eclipse Foundation/jdk-17.0.0.35-hotspot!/java.instrument" type="simple" />
            <root url="jrt://C:/Program Files/Eclipse Foundation/jdk-17.0.0.35-hotspot!/java.logging" type="simple" />
            <root url="jrt://C:/Program Files/Eclipse Foundation/jdk-17.0.0.35-hotspot!/java.management" type="simple" />
            <root url="jrt://C:/Program Files/Eclipse Foundation/jdk-17.0.0.35-hotspot!/java.management.rmi" type="simple" />
            <root url="jrt://C:/Program Files/Eclipse Foundation/jdk-17.0.0.35-hotspot!/java.naming" type="simple" />
            <root url="jrt://C:/Program Files/Eclipse Foundation/jdk-17.0.0.35-hotspot!/java.net.http" type="simple" />
            <root url="jrt://C:/Program Files/Eclipse Foundation/jdk-17.0.0.35-hotspot!/java.prefs" type="simple" />
            <root url="jrt://C:/Program Files/Eclipse Foundation/jdk-17.0.0.35-hotspot!/java.rmi" type="simple" />
            <root url="jrt://C:/Program Files/Eclipse Foundation/jdk-17.0.0.35-hotspot!/java.scripting" type="simple" />
            <root url="jrt://C:/Program Files/Eclipse Foundation/jdk-17.0.0.35-hotspot!/java.se" type="simple" />
            <root url="jrt://C:/Program Files/Eclipse Foundation/jdk-17.0.0.35-hotspot!/java.security.jgss" type="simple" />
            <root url="jrt://C:/Program Files/Eclipse Foundation/jdk-17.0.0.35-hotspot!/java.security.sasl" type="simple" />
            <root url="jrt://C:/Program Files/Eclipse Foundation/jdk-17.0.0.35-hotspot!/java.smartcardio" type="simple" />
            <root url="jrt://C:/Program Files/Eclipse Foundation/jdk-17.0.0.35-hotspot!/java.sql" type="simple" />
            <root url="jrt://C:/Program Files/Eclipse Foundation/jdk-17.0.0.35-hotspot!/java.sql.rowset" type="simple" />
            <root url="jrt://C:/Program Files/Eclipse Foundation/jdk-17.0.0.35-hotspot!/java.transaction.xa" type="simple" />
            <root url="jrt://C:/Program Files/Eclipse Foundation/jdk-17.0.0.35-hotspot!/java.xml" type="simple" />
            <root url="jrt://C:/Program Files/Eclipse Foundation/jdk-17.0.0.35-hotspot!/java.xml.crypto" type="simple" />
            <root url="jrt://C:/Program Files/Eclipse Foundation/jdk-17.0.0.35-hotspot!/jdk.accessibility" type="simple" />
            <root url="jrt://C:/Program Files/Eclipse Foundation/jdk-17.0.0.35-hotspot!/jdk.attach" type="simple" />
            <root url="jrt://C:/Program Files/Eclipse Foundation/jdk-17.0.0.35-hotspot!/jdk.charsets" type="simple" />
            <root url="jrt://C:/Program Files/Eclipse Foundation/jdk-17.0.0.35-hotspot!/jdk.compiler" type="simple" />
            <root url="jrt://C:/Program Files/Eclipse Foundation/jdk-17.0.0.35-hotspot!/jdk.crypto.cryptoki" type="simple" />
            <root url="jrt://C:/Program Files/Eclipse Foundation/jdk-17.0.0.35-hotspot!/jdk.crypto.ec" type="simple" />
            <root url="jrt://C:/Program Files/Eclipse Foundation/jdk-17.0.0.35-hotspot!/jdk.crypto.mscapi" type="simple" />
            <root url="jrt://C:/Program Files/Eclipse Foundation/jdk-17.0.0.35-hotspot!/jdk.dynalink" type="simple" />
            <root url="jrt://C:/Program Files/Eclipse Foundation/jdk-17.0.0.35-hotspot!/jdk.editpad" type="simple" />
            <root url="jrt://C:/Program Files/Eclipse Foundation/jdk-17.0.0.35-hotspot!/jdk.hotspot.agent" type="simple" />
            <root url="jrt://C:/Program Files/Eclipse Foundation/jdk-17.0.0.35-hotspot!/jdk.httpserver" type="simple" />
            <root url="jrt://C:/Program Files/Eclipse Foundation/jdk-17.0.0.35-hotspot!/jdk.incubator.foreign" type="simple" />
            <root url="jrt://C:/Program Files/Eclipse Foundation/jdk-17.0.0.35-hotspot!/jdk.incubator.vector" type="simple" />
            <root url="jrt://C:/Program Files/Eclipse Foundation/jdk-17.0.0.35-hotspot!/jdk.internal.ed" type="simple" />
            <root url="jrt://C:/Program Files/Eclipse Foundation/jdk-17.0.0.35-hotspot!/jdk.internal.jvmstat" type="simple" />
            <root url="jrt://C:/Program Files/Eclipse Foundation/jdk-17.0.0.35-hotspot!/jdk.internal.le" type="simple" />
            <root url="jrt://C:/Program Files/Eclipse Foundation/jdk-17.0.0.35-hotspot!/jdk.internal.opt" type="simple" />
            <root url="jrt://C:/Program Files/Eclipse Foundation/jdk-17.0.0.35-hotspot!/jdk.internal.vm.ci" type="simple" />
            <root url="jrt://C:/Program Files/Eclipse Foundation/jdk-17.0.0.35-hotspot!/jdk.internal.vm.compiler" type="simple" />
            <root url="jrt://C:/Program Files/Eclipse Foundation/jdk-17.0.0.35-hotspot!/jdk.internal.vm.compiler.management" type="simple" />
            <root url="jrt://C:/Program Files/Eclipse Foundation/jdk-17.0.0.35-hotspot!/jdk.jartool" type="simple" />
            <root url="jrt://C:/Program Files/Eclipse Foundation/jdk-17.0.0.35-hotspot!/jdk.javadoc" type="simple" />
            <root url="jrt://C:/Program Files/Eclipse Foundation/jdk-17.0.0.35-hotspot!/jdk.jcmd" type="simple" />
            <root url="jrt://C:/Program Files/Eclipse Foundation/jdk-17.0.0.35-hotspot!/jdk.jconsole" type="simple" />
            <root url="jrt://C:/Program Files/Eclipse Foundation/jdk-17.0.0.35-hotspot!/jdk.jdeps" type="simple" />
            <root url="jrt://C:/Program Files/Eclipse Foundation/jdk-17.0.0.35-hotspot!/jdk.jdi" type="simple" />
            <root url="jrt://C:/Program Files/Eclipse Foundation/jdk-17.0.0.35-hotspot!/jdk.jdwp.agent" type="simple" />
            <root url="jrt://C:/Program Files/Eclipse Foundation/jdk-17.0.0.35-hotspot!/jdk.jfr" type="simple" />
            <root url="jrt://C:/Program Files/Eclipse Foundation/jdk-17.0.0.35-hotspot!/jdk.jlink" type="simple" />
            <root url="jrt://C:/Program Files/Eclipse Foundation/jdk-17.0.0.35-hotspot!/jdk.jpackage" type="simple" />
            <root url="jrt://C:/Program Files/Eclipse Foundation/jdk-17.0.0.35-hotspot!/jdk.jshell" type="simple" />
            <root url="jrt://C:/Program Files/Eclipse Foundation/jdk-17.0.0.35-hotspot!/jdk.jsobject" type="simple" />
            <root url="jrt://C:/Program Files/Eclipse Foundation/jdk-17.0.0.35-hotspot!/jdk.jstatd" type="simple" />
            <root url="jrt://C:/Program Files/Eclipse Foundation/jdk-17.0.0.35-hotspot!/jdk.localedata" type="simple" />
            <root url="jrt://C:/Program Files/Eclipse Foundation/jdk-17.0.0.35-hotspot!/jdk.management" type="simple" />
            <root url="jrt://C:/Program Files/Eclipse Foundation/jdk-17.0.0.35-hotspot!/jdk.management.agent" type="simple" />
            <root url="jrt://C:/Program Files/Eclipse Foundation/jdk-17.0.0.35-hotspot!/jdk.management.jfr" type="simple" />
            <root url="jrt://C:/Program Files/Eclipse Foundation/jdk-17.0.0.35-hotspot!/jdk.naming.dns" type="simple" />
            <root url="jrt://C:/Program Files/Eclipse Foundation/jdk-17.0.0.35-hotspot!/jdk.naming.rmi" type="simple" />
            <root url="jrt://C:/Program Files/Eclipse Foundation/jdk-17.0.0.35-hotspot!/jdk.net" type="simple" />
            <root url="jrt://C:/Program Files/Eclipse Foundation/jdk-17.0.0.35-hotspot!/jdk.nio.mapmode" type="simple" />
            <root url="jrt://C:/Program Files/Eclipse Foundation/jdk-17.0.0.35-hotspot!/jdk.random" type="simple" />
            <root url="jrt://C:/Program Files/Eclipse Foundation/jdk-17.0.0.35-hotspot!/jdk.sctp" type="simple" />
            <root url="jrt://C:/Program Files/Eclipse Foundation/jdk-17.0.0.35-hotspot!/jdk.security.auth" type="simple" />
            <root url="jrt://C:/Program Files/Eclipse Foundation/jdk-17.0.0.35-hotspot!/jdk.security.jgss" type="simple" />
            <root url="jrt://C:/Program Files/Eclipse Foundation/jdk-17.0.0.35-hotspot!/jdk.unsupported" type="simple" />
            <root url="jrt://C:/Program Files/Eclipse Foundation/jdk-17.0.0.35-hotspot!/jdk.unsupported.desktop" type="simple" />
            <root url="jrt://C:/Program Files/Eclipse Foundation/jdk-17.0.0.35-hotspot!/jdk.xml.dom" type="simple" />
            <root url="jrt://C:/Program Files/Eclipse Foundation/jdk-17.0.0.35-hotspot!/jdk.zipfs" type="simple" />
          </root>
        </classPath>
        <javadocPath>
          <root type="composite" />
        </javadocPath>
        <sourcePath>
          <root type="composite">
            <root url="jar://C:/Program Files/Eclipse Foundation/jdk-17.0.0.35-hotspot/lib/src.zip!/java.se" type="simple" />
            <root url="jar://C:/Program Files/Eclipse Foundation/jdk-17.0.0.35-hotspot/lib/src.zip!/jdk.jdi" type="simple" />
            <root url="jar://C:/Program Files/Eclipse Foundation/jdk-17.0.0.35-hotspot/lib/src.zip!/jdk.jfr" type="simple" />
            <root url="jar://C:/Program Files/Eclipse Foundation/jdk-17.0.0.35-hotspot/lib/src.zip!/jdk.net" type="simple" />
            <root url="jar://C:/Program Files/Eclipse Foundation/jdk-17.0.0.35-hotspot/lib/src.zip!/java.rmi" type="simple" />
            <root url="jar://C:/Program Files/Eclipse Foundation/jdk-17.0.0.35-hotspot/lib/src.zip!/java.sql" type="simple" />
            <root url="jar://C:/Program Files/Eclipse Foundation/jdk-17.0.0.35-hotspot/lib/src.zip!/java.xml" type="simple" />
            <root url="jar://C:/Program Files/Eclipse Foundation/jdk-17.0.0.35-hotspot/lib/src.zip!/jdk.jcmd" type="simple" />
            <root url="jar://C:/Program Files/Eclipse Foundation/jdk-17.0.0.35-hotspot/lib/src.zip!/jdk.sctp" type="simple" />
            <root url="jar://C:/Program Files/Eclipse Foundation/jdk-17.0.0.35-hotspot/lib/src.zip!/java.base" type="simple" />
            <root url="jar://C:/Program Files/Eclipse Foundation/jdk-17.0.0.35-hotspot/lib/src.zip!/jdk.jdeps" type="simple" />
            <root url="jar://C:/Program Files/Eclipse Foundation/jdk-17.0.0.35-hotspot/lib/src.zip!/jdk.jlink" type="simple" />
            <root url="jar://C:/Program Files/Eclipse Foundation/jdk-17.0.0.35-hotspot/lib/src.zip!/jdk.zipfs" type="simple" />
            <root url="jar://C:/Program Files/Eclipse Foundation/jdk-17.0.0.35-hotspot/lib/src.zip!/java.prefs" type="simple" />
            <root url="jar://C:/Program Files/Eclipse Foundation/jdk-17.0.0.35-hotspot/lib/src.zip!/jdk.attach" type="simple" />
            <root url="jar://C:/Program Files/Eclipse Foundation/jdk-17.0.0.35-hotspot/lib/src.zip!/jdk.jshell" type="simple" />
            <root url="jar://C:/Program Files/Eclipse Foundation/jdk-17.0.0.35-hotspot/lib/src.zip!/jdk.jstatd" type="simple" />
            <root url="jar://C:/Program Files/Eclipse Foundation/jdk-17.0.0.35-hotspot/lib/src.zip!/jdk.random" type="simple" />
            <root url="jar://C:/Program Files/Eclipse Foundation/jdk-17.0.0.35-hotspot/lib/src.zip!/java.naming" type="simple" />
            <root url="jar://C:/Program Files/Eclipse Foundation/jdk-17.0.0.35-hotspot/lib/src.zip!/jdk.editpad" type="simple" />
            <root url="jar://C:/Program Files/Eclipse Foundation/jdk-17.0.0.35-hotspot/lib/src.zip!/jdk.jartool" type="simple" />
            <root url="jar://C:/Program Files/Eclipse Foundation/jdk-17.0.0.35-hotspot/lib/src.zip!/jdk.javadoc" type="simple" />
            <root url="jar://C:/Program Files/Eclipse Foundation/jdk-17.0.0.35-hotspot/lib/src.zip!/jdk.xml.dom" type="simple" />
            <root url="jar://C:/Program Files/Eclipse Foundation/jdk-17.0.0.35-hotspot/lib/src.zip!/java.desktop" type="simple" />
            <root url="jar://C:/Program Files/Eclipse Foundation/jdk-17.0.0.35-hotspot/lib/src.zip!/java.logging" type="simple" />
            <root url="jar://C:/Program Files/Eclipse Foundation/jdk-17.0.0.35-hotspot/lib/src.zip!/jdk.charsets" type="simple" />
            <root url="jar://C:/Program Files/Eclipse Foundation/jdk-17.0.0.35-hotspot/lib/src.zip!/jdk.compiler" type="simple" />
            <root url="jar://C:/Program Files/Eclipse Foundation/jdk-17.0.0.35-hotspot/lib/src.zip!/jdk.dynalink" type="simple" />
            <root url="jar://C:/Program Files/Eclipse Foundation/jdk-17.0.0.35-hotspot/lib/src.zip!/jdk.jconsole" type="simple" />
            <root url="jar://C:/Program Files/Eclipse Foundation/jdk-17.0.0.35-hotspot/lib/src.zip!/jdk.jpackage" type="simple" />
            <root url="jar://C:/Program Files/Eclipse Foundation/jdk-17.0.0.35-hotspot/lib/src.zip!/jdk.jsobject" type="simple" />
            <root url="jar://C:/Program Files/Eclipse Foundation/jdk-17.0.0.35-hotspot/lib/src.zip!/java.compiler" type="simple" />
            <root url="jar://C:/Program Files/Eclipse Foundation/jdk-17.0.0.35-hotspot/lib/src.zip!/java.net.http" type="simple" />
            <root url="jar://C:/Program Files/Eclipse Foundation/jdk-17.0.0.35-hotspot/lib/src.zip!/jdk.crypto.ec" type="simple" />
            <root url="jar://C:/Program Files/Eclipse Foundation/jdk-17.0.0.35-hotspot/lib/src.zip!/java.scripting" type="simple" />
            <root url="jar://C:/Program Files/Eclipse Foundation/jdk-17.0.0.35-hotspot/lib/src.zip!/jdk.httpserver" type="simple" />
            <root url="jar://C:/Program Files/Eclipse Foundation/jdk-17.0.0.35-hotspot/lib/src.zip!/jdk.jdwp.agent" type="simple" />
            <root url="jar://C:/Program Files/Eclipse Foundation/jdk-17.0.0.35-hotspot/lib/src.zip!/jdk.localedata" type="simple" />
            <root url="jar://C:/Program Files/Eclipse Foundation/jdk-17.0.0.35-hotspot/lib/src.zip!/jdk.management" type="simple" />
            <root url="jar://C:/Program Files/Eclipse Foundation/jdk-17.0.0.35-hotspot/lib/src.zip!/jdk.naming.dns" type="simple" />
            <root url="jar://C:/Program Files/Eclipse Foundation/jdk-17.0.0.35-hotspot/lib/src.zip!/jdk.naming.rmi" type="simple" />
            <root url="jar://C:/Program Files/Eclipse Foundation/jdk-17.0.0.35-hotspot/lib/src.zip!/java.instrument" type="simple" />
            <root url="jar://C:/Program Files/Eclipse Foundation/jdk-17.0.0.35-hotspot/lib/src.zip!/java.management" type="simple" />
            <root url="jar://C:/Program Files/Eclipse Foundation/jdk-17.0.0.35-hotspot/lib/src.zip!/java.sql.rowset" type="simple" />
            <root url="jar://C:/Program Files/Eclipse Foundation/jdk-17.0.0.35-hotspot/lib/src.zip!/java.xml.crypto" type="simple" />
            <root url="jar://C:/Program Files/Eclipse Foundation/jdk-17.0.0.35-hotspot/lib/src.zip!/jdk.internal.ed" type="simple" />
            <root url="jar://C:/Program Files/Eclipse Foundation/jdk-17.0.0.35-hotspot/lib/src.zip!/jdk.internal.le" type="simple" />
            <root url="jar://C:/Program Files/Eclipse Foundation/jdk-17.0.0.35-hotspot/lib/src.zip!/jdk.nio.mapmode" type="simple" />
            <root url="jar://C:/Program Files/Eclipse Foundation/jdk-17.0.0.35-hotspot/lib/src.zip!/jdk.unsupported" type="simple" />
            <root url="jar://C:/Program Files/Eclipse Foundation/jdk-17.0.0.35-hotspot/lib/src.zip!/java.smartcardio" type="simple" />
            <root url="jar://C:/Program Files/Eclipse Foundation/jdk-17.0.0.35-hotspot/lib/src.zip!/jdk.internal.opt" type="simple" />
            <root url="jar://C:/Program Files/Eclipse Foundation/jdk-17.0.0.35-hotspot/lib/src.zip!/java.datatransfer" type="simple" />
            <root url="jar://C:/Program Files/Eclipse Foundation/jdk-17.0.0.35-hotspot/lib/src.zip!/jdk.accessibility" type="simple" />
            <root url="jar://C:/Program Files/Eclipse Foundation/jdk-17.0.0.35-hotspot/lib/src.zip!/jdk.crypto.mscapi" type="simple" />
            <root url="jar://C:/Program Files/Eclipse Foundation/jdk-17.0.0.35-hotspot/lib/src.zip!/jdk.hotspot.agent" type="simple" />
            <root url="jar://C:/Program Files/Eclipse Foundation/jdk-17.0.0.35-hotspot/lib/src.zip!/jdk.security.auth" type="simple" />
            <root url="jar://C:/Program Files/Eclipse Foundation/jdk-17.0.0.35-hotspot/lib/src.zip!/jdk.security.jgss" type="simple" />
            <root url="jar://C:/Program Files/Eclipse Foundation/jdk-17.0.0.35-hotspot/lib/src.zip!/java.security.jgss" type="simple" />
            <root url="jar://C:/Program Files/Eclipse Foundation/jdk-17.0.0.35-hotspot/lib/src.zip!/java.security.sasl" type="simple" />
            <root url="jar://C:/Program Files/Eclipse Foundation/jdk-17.0.0.35-hotspot/lib/src.zip!/jdk.internal.vm.ci" type="simple" />
            <root url="jar://C:/Program Files/Eclipse Foundation/jdk-17.0.0.35-hotspot/lib/src.zip!/jdk.management.jfr" type="simple" />
            <root url="jar://C:/Program Files/Eclipse Foundation/jdk-17.0.0.35-hotspot/lib/src.zip!/java.management.rmi" type="simple" />
            <root url="jar://C:/Program Files/Eclipse Foundation/jdk-17.0.0.35-hotspot/lib/src.zip!/java.transaction.xa" type="simple" />
            <root url="jar://C:/Program Files/Eclipse Foundation/jdk-17.0.0.35-hotspot/lib/src.zip!/jdk.crypto.cryptoki" type="simple" />
            <root url="jar://C:/Program Files/Eclipse Foundation/jdk-17.0.0.35-hotspot/lib/src.zip!/jdk.incubator.vector" type="simple" />
            <root url="jar://C:/Program Files/Eclipse Foundation/jdk-17.0.0.35-hotspot/lib/src.zip!/jdk.internal.jvmstat" type="simple" />
            <root url="jar://C:/Program Files/Eclipse Foundation/jdk-17.0.0.35-hotspot/lib/src.zip!/jdk.management.agent" type="simple" />
            <root url="jar://C:/Program Files/Eclipse Foundation/jdk-17.0.0.35-hotspot/lib/src.zip!/jdk.incubator.foreign" type="simple" />
            <root url="jar://C:/Program Files/Eclipse Foundation/jdk-17.0.0.35-hotspot/lib/src.zip!/jdk.unsupported.desktop" type="simple" />
            <root url="jar://C:/Program Files/Eclipse Foundation/jdk-17.0.0.35-hotspot/lib/src.zip!/jdk.internal.vm.compiler" type="simple" />
            <root url="jar://C:/Program Files/Eclipse Foundation/jdk-17.0.0.35-hotspot/lib/src.zip!/jdk.internal.vm.compiler.management" type="simple" />
          </root>
        </sourcePath>
      </roots>
      <additional />
    </jdk>
  </component>
</application>