<application>
  <component name="VSTSSettings">
    <option name="serverContexts">
      <array>
        <ServerContextState>
          <option name="type" value="VSO" />
          <option name="uri" value="https://smpsolutionshu@dev.azure.com/smpsolutionshu/sbms/_git/SMP.SBMS.LdapAdapter" />
          <option name="serverUri" value="https://dev.azure.com/smpsolutionshu" />
          <option name="userId" value="959802ed-a27d-69d4-988d-64d205ea28f6" />
          <option name="teamProjectCollectionReference" value="{&quot;id&quot;:&quot;9a23c2a9-a3d8-4ec1-b816-67074bd28f91&quot;,&quot;name&quot;:&quot;smpsolutionshu&quot;,&quot;url&quot;:&quot;https://dev.azure.com/smpsolutionshu/_apis/projectCollections/9a23c2a9-a3d8-4ec1-b816-67074bd28f91&quot;}" />
          <option name="teamProjectReference" value="{&quot;abbreviation&quot;:null,&quot;description&quot;:&quot;SMP Smart Building Management Solution&quot;,&quot;id&quot;:&quot;ae329d78-be2e-433e-9ebf-f108bd37f328&quot;,&quot;name&quot;:&quot;sbms&quot;,&quot;revision&quot;:153,&quot;state&quot;:&quot;NEW&quot;,&quot;url&quot;:&quot;https://dev.azure.com/smpsolutionshu/_apis/projects/ae329d78-be2e-433e-9ebf-f108bd37f328&quot;}" />
          <option name="gitRepository" value="{&quot;defaultBranch&quot;:null,&quot;id&quot;:&quot;5070e580-2936-4d09-b2da-e8bb8517d0ad&quot;,&quot;name&quot;:&quot;SMP.SBMS.LdapAdapter&quot;,&quot;remoteUrl&quot;:&quot;https://smpsolutionshu@dev.azure.com/smpsolutionshu/sbms/_git/SMP.SBMS.LdapAdapter&quot;,&quot;url&quot;:&quot;https://dev.azure.com/smpsolutionshu/_apis/git/repositories/5070e580-2936-4d09-b2da-e8bb8517d0ad&quot;,&quot;_links&quot;:null,&quot;project&quot;:{&quot;abbreviation&quot;:null,&quot;description&quot;:&quot;SMP Smart Building Management Solution&quot;,&quot;id&quot;:&quot;ae329d78-be2e-433e-9ebf-f108bd37f328&quot;,&quot;name&quot;:&quot;sbms&quot;,&quot;revision&quot;:153,&quot;state&quot;:&quot;NEW&quot;,&quot;url&quot;:&quot;https://dev.azure.com/smpsolutionshu/_apis/projects/ae329d78-be2e-433e-9ebf-f108bd37f328&quot;}}" />
        </ServerContextState>
        <ServerContextState>
          <option name="type" value="VSO" />
          <option name="uri" value="https://smpsolutionshu@dev.azure.com/smpsolutionshu/sbms/_git/SMP.SBMS.Floorplan" />
          <option name="serverUri" value="https://dev.azure.com/smpsolutionshu" />
          <option name="userId" value="959802ed-a27d-69d4-988d-64d205ea28f6" />
          <option name="teamProjectCollectionReference" value="{&quot;id&quot;:&quot;9a23c2a9-a3d8-4ec1-b816-67074bd28f91&quot;,&quot;name&quot;:&quot;smpsolutionshu&quot;,&quot;url&quot;:&quot;https://dev.azure.com/smpsolutionshu/_apis/projectCollections/9a23c2a9-a3d8-4ec1-b816-67074bd28f91&quot;}" />
          <option name="teamProjectReference" value="{&quot;abbreviation&quot;:null,&quot;description&quot;:&quot;SMP Smart Building Management Solution&quot;,&quot;id&quot;:&quot;ae329d78-be2e-433e-9ebf-f108bd37f328&quot;,&quot;name&quot;:&quot;sbms&quot;,&quot;revision&quot;:153,&quot;state&quot;:&quot;NEW&quot;,&quot;url&quot;:&quot;https://dev.azure.com/smpsolutionshu/_apis/projects/ae329d78-be2e-433e-9ebf-f108bd37f328&quot;}" />
          <option name="gitRepository" value="{&quot;defaultBranch&quot;:null,&quot;id&quot;:&quot;7f8c148a-5e81-437a-bee3-e4cc2b6c513d&quot;,&quot;name&quot;:&quot;SMP.SBMS.Floorplan&quot;,&quot;remoteUrl&quot;:&quot;https://smpsolutionshu@dev.azure.com/smpsolutionshu/sbms/_git/SMP.SBMS.Floorplan&quot;,&quot;url&quot;:&quot;https://dev.azure.com/smpsolutionshu/_apis/git/repositories/7f8c148a-5e81-437a-bee3-e4cc2b6c513d&quot;,&quot;_links&quot;:null,&quot;project&quot;:{&quot;abbreviation&quot;:null,&quot;description&quot;:&quot;SMP Smart Building Management Solution&quot;,&quot;id&quot;:&quot;ae329d78-be2e-433e-9ebf-f108bd37f328&quot;,&quot;name&quot;:&quot;sbms&quot;,&quot;revision&quot;:153,&quot;state&quot;:&quot;NEW&quot;,&quot;url&quot;:&quot;https://dev.azure.com/smpsolutionshu/_apis/projects/ae329d78-be2e-433e-9ebf-f108bd37f328&quot;}}" />
        </ServerContextState>
        <ServerContextState>
          <option name="type" value="VSO" />
          <option name="uri" value="https://smpsolutionshu@dev.azure.com/smpsolutionshu/sbms/_git/SMP.SBMS.Configuration" />
          <option name="serverUri" value="https://dev.azure.com/smpsolutionshu" />
          <option name="userId" value="959802ed-a27d-69d4-988d-64d205ea28f6" />
          <option name="teamProjectCollectionReference" value="{&quot;id&quot;:&quot;9a23c2a9-a3d8-4ec1-b816-67074bd28f91&quot;,&quot;name&quot;:&quot;smpsolutionshu&quot;,&quot;url&quot;:&quot;https://dev.azure.com/smpsolutionshu/_apis/projectCollections/9a23c2a9-a3d8-4ec1-b816-67074bd28f91&quot;}" />
          <option name="teamProjectReference" value="{&quot;abbreviation&quot;:null,&quot;description&quot;:&quot;SMP Smart Building Management Solution&quot;,&quot;id&quot;:&quot;ae329d78-be2e-433e-9ebf-f108bd37f328&quot;,&quot;name&quot;:&quot;sbms&quot;,&quot;revision&quot;:153,&quot;state&quot;:&quot;NEW&quot;,&quot;url&quot;:&quot;https://dev.azure.com/smpsolutionshu/_apis/projects/ae329d78-be2e-433e-9ebf-f108bd37f328&quot;}" />
          <option name="gitRepository" value="{&quot;defaultBranch&quot;:null,&quot;id&quot;:&quot;bd2cc334-e292-4dcb-b910-a6c5ff0c9205&quot;,&quot;name&quot;:&quot;SMP.SBMS.Configuration&quot;,&quot;remoteUrl&quot;:&quot;https://smpsolutionshu@dev.azure.com/smpsolutionshu/sbms/_git/SMP.SBMS.Configuration&quot;,&quot;url&quot;:&quot;https://dev.azure.com/smpsolutionshu/_apis/git/repositories/bd2cc334-e292-4dcb-b910-a6c5ff0c9205&quot;,&quot;_links&quot;:null,&quot;project&quot;:{&quot;abbreviation&quot;:null,&quot;description&quot;:&quot;SMP Smart Building Management Solution&quot;,&quot;id&quot;:&quot;ae329d78-be2e-433e-9ebf-f108bd37f328&quot;,&quot;name&quot;:&quot;sbms&quot;,&quot;revision&quot;:153,&quot;state&quot;:&quot;NEW&quot;,&quot;url&quot;:&quot;https://dev.azure.com/smpsolutionshu/_apis/projects/ae329d78-be2e-433e-9ebf-f108bd37f328&quot;}}" />
        </ServerContextState>
        <ServerContextState>
          <option name="type" value="VSO" />
          <option name="uri" value="https://smpsolutionshu@dev.azure.com/smpsolutionshu/sbms/_git/SMP.Soffie.LandingPage" />
          <option name="serverUri" value="https://dev.azure.com/smpsolutionshu" />
          <option name="userId" value="959802ed-a27d-69d4-988d-64d205ea28f6" />
          <option name="teamProjectCollectionReference" value="{&quot;id&quot;:&quot;9a23c2a9-a3d8-4ec1-b816-67074bd28f91&quot;,&quot;name&quot;:&quot;smpsolutionshu&quot;,&quot;url&quot;:&quot;https://dev.azure.com/smpsolutionshu/_apis/projectCollections/9a23c2a9-a3d8-4ec1-b816-67074bd28f91&quot;}" />
          <option name="teamProjectReference" value="{&quot;abbreviation&quot;:null,&quot;description&quot;:&quot;Soffie - Smart Office Solution&quot;,&quot;id&quot;:&quot;ae329d78-be2e-433e-9ebf-f108bd37f328&quot;,&quot;name&quot;:&quot;sbms&quot;,&quot;revision&quot;:289,&quot;state&quot;:&quot;NEW&quot;,&quot;url&quot;:&quot;https://dev.azure.com/smpsolutionshu/_apis/projects/ae329d78-be2e-433e-9ebf-f108bd37f328&quot;}" />
          <option name="gitRepository" value="{&quot;defaultBranch&quot;:null,&quot;id&quot;:&quot;a545c075-6592-439b-93e0-e7110cd61562&quot;,&quot;name&quot;:&quot;SMP.Soffie.LandingPage&quot;,&quot;remoteUrl&quot;:&quot;https://smpsolutionshu@dev.azure.com/smpsolutionshu/sbms/_git/SMP.Soffie.LandingPage&quot;,&quot;url&quot;:&quot;https://dev.azure.com/smpsolutionshu/_apis/git/repositories/a545c075-6592-439b-93e0-e7110cd61562&quot;,&quot;_links&quot;:null,&quot;project&quot;:{&quot;abbreviation&quot;:null,&quot;description&quot;:&quot;Soffie - Smart Office Solution&quot;,&quot;id&quot;:&quot;ae329d78-be2e-433e-9ebf-f108bd37f328&quot;,&quot;name&quot;:&quot;sbms&quot;,&quot;revision&quot;:289,&quot;state&quot;:&quot;NEW&quot;,&quot;url&quot;:&quot;https://dev.azure.com/smpsolutionshu/_apis/projects/ae329d78-be2e-433e-9ebf-f108bd37f328&quot;}}" />
        </ServerContextState>
        <ServerContextState>
          <option name="type" value="VSO" />
          <option name="uri" value="https://smpsolutionshu@dev.azure.com/smpsolutionshu/sbms/_git/SMP.SBMS.MeetingRoom" />
          <option name="serverUri" value="https://dev.azure.com/smpsolutionshu" />
          <option name="userId" value="959802ed-a27d-69d4-988d-64d205ea28f6" />
          <option name="teamProjectCollectionReference" value="{&quot;id&quot;:&quot;9a23c2a9-a3d8-4ec1-b816-67074bd28f91&quot;,&quot;name&quot;:&quot;smpsolutionshu&quot;,&quot;url&quot;:&quot;https://dev.azure.com/smpsolutionshu/_apis/projectCollections/9a23c2a9-a3d8-4ec1-b816-67074bd28f91&quot;}" />
          <option name="teamProjectReference" value="{&quot;abbreviation&quot;:null,&quot;description&quot;:&quot;SMP Smart Building Management Solution&quot;,&quot;id&quot;:&quot;ae329d78-be2e-433e-9ebf-f108bd37f328&quot;,&quot;name&quot;:&quot;sbms&quot;,&quot;revision&quot;:153,&quot;state&quot;:&quot;NEW&quot;,&quot;url&quot;:&quot;https://dev.azure.com/smpsolutionshu/_apis/projects/ae329d78-be2e-433e-9ebf-f108bd37f328&quot;}" />
          <option name="gitRepository" value="{&quot;defaultBranch&quot;:null,&quot;id&quot;:&quot;d9ae4f53-7e02-407d-8ca4-32520ed6acc1&quot;,&quot;name&quot;:&quot;SMP.SBMS.MeetingRoom&quot;,&quot;remoteUrl&quot;:&quot;https://smpsolutionshu@dev.azure.com/smpsolutionshu/sbms/_git/SMP.SBMS.MeetingRoom&quot;,&quot;url&quot;:&quot;https://dev.azure.com/smpsolutionshu/_apis/git/repositories/d9ae4f53-7e02-407d-8ca4-32520ed6acc1&quot;,&quot;_links&quot;:null,&quot;project&quot;:{&quot;abbreviation&quot;:null,&quot;description&quot;:&quot;SMP Smart Building Management Solution&quot;,&quot;id&quot;:&quot;ae329d78-be2e-433e-9ebf-f108bd37f328&quot;,&quot;name&quot;:&quot;sbms&quot;,&quot;revision&quot;:153,&quot;state&quot;:&quot;NEW&quot;,&quot;url&quot;:&quot;https://dev.azure.com/smpsolutionshu/_apis/projects/ae329d78-be2e-433e-9ebf-f108bd37f328&quot;}}" />
        </ServerContextState>
        <ServerContextState>
          <option name="type" value="VSO" />
          <option name="uri" value="https://smpsolutionshu@dev.azure.com/smpsolutionshu/sbms/_git/SMP.SBMS.KeySafeAdapter" />
          <option name="serverUri" value="https://dev.azure.com/smpsolutionshu" />
          <option name="userId" value="959802ed-a27d-69d4-988d-64d205ea28f6" />
          <option name="teamProjectCollectionReference" value="{&quot;id&quot;:&quot;9a23c2a9-a3d8-4ec1-b816-67074bd28f91&quot;,&quot;name&quot;:&quot;smpsolutionshu&quot;,&quot;url&quot;:&quot;https://dev.azure.com/smpsolutionshu/_apis/projectCollections/9a23c2a9-a3d8-4ec1-b816-67074bd28f91&quot;}" />
          <option name="teamProjectReference" value="{&quot;abbreviation&quot;:null,&quot;description&quot;:&quot;SMP Smart Building Management Solution&quot;,&quot;id&quot;:&quot;ae329d78-be2e-433e-9ebf-f108bd37f328&quot;,&quot;name&quot;:&quot;sbms&quot;,&quot;revision&quot;:153,&quot;state&quot;:&quot;NEW&quot;,&quot;url&quot;:&quot;https://dev.azure.com/smpsolutionshu/_apis/projects/ae329d78-be2e-433e-9ebf-f108bd37f328&quot;}" />
          <option name="gitRepository" value="{&quot;defaultBranch&quot;:null,&quot;id&quot;:&quot;0ab1bc94-e6f9-4662-88e9-de9fed72508f&quot;,&quot;name&quot;:&quot;SMP.SBMS.KeySafeAdapter&quot;,&quot;remoteUrl&quot;:&quot;https://smpsolutionshu@dev.azure.com/smpsolutionshu/sbms/_git/SMP.SBMS.KeySafeAdapter&quot;,&quot;url&quot;:&quot;https://dev.azure.com/smpsolutionshu/_apis/git/repositories/0ab1bc94-e6f9-4662-88e9-de9fed72508f&quot;,&quot;_links&quot;:null,&quot;project&quot;:{&quot;abbreviation&quot;:null,&quot;description&quot;:&quot;SMP Smart Building Management Solution&quot;,&quot;id&quot;:&quot;ae329d78-be2e-433e-9ebf-f108bd37f328&quot;,&quot;name&quot;:&quot;sbms&quot;,&quot;revision&quot;:153,&quot;state&quot;:&quot;NEW&quot;,&quot;url&quot;:&quot;https://dev.azure.com/smpsolutionshu/_apis/projects/ae329d78-be2e-433e-9ebf-f108bd37f328&quot;}}" />
        </ServerContextState>
        <ServerContextState>
          <option name="type" value="VSO" />
          <option name="uri" value="https://smpsolutionshu@dev.azure.com/smpsolutionshu/sbms/_git/SMP.SBMS.Utilities" />
          <option name="serverUri" value="https://dev.azure.com/smpsolutionshu" />
          <option name="userId" value="959802ed-a27d-69d4-988d-64d205ea28f6" />
          <option name="teamProjectCollectionReference" value="{&quot;id&quot;:&quot;9a23c2a9-a3d8-4ec1-b816-67074bd28f91&quot;,&quot;name&quot;:&quot;smpsolutionshu&quot;,&quot;url&quot;:&quot;https://dev.azure.com/smpsolutionshu/_apis/projectCollections/9a23c2a9-a3d8-4ec1-b816-67074bd28f91&quot;}" />
          <option name="teamProjectReference" value="{&quot;abbreviation&quot;:null,&quot;description&quot;:&quot;SMP Smart Building Management Solution&quot;,&quot;id&quot;:&quot;ae329d78-be2e-433e-9ebf-f108bd37f328&quot;,&quot;name&quot;:&quot;sbms&quot;,&quot;revision&quot;:153,&quot;state&quot;:&quot;NEW&quot;,&quot;url&quot;:&quot;https://dev.azure.com/smpsolutionshu/_apis/projects/ae329d78-be2e-433e-9ebf-f108bd37f328&quot;}" />
          <option name="gitRepository" value="{&quot;defaultBranch&quot;:null,&quot;id&quot;:&quot;d2b2aee7-55e8-4ba5-af38-f859a242fd6f&quot;,&quot;name&quot;:&quot;SMP.SBMS.Utilities&quot;,&quot;remoteUrl&quot;:&quot;https://smpsolutionshu@dev.azure.com/smpsolutionshu/sbms/_git/SMP.SBMS.Utilities&quot;,&quot;url&quot;:&quot;https://dev.azure.com/smpsolutionshu/_apis/git/repositories/d2b2aee7-55e8-4ba5-af38-f859a242fd6f&quot;,&quot;_links&quot;:null,&quot;project&quot;:{&quot;abbreviation&quot;:null,&quot;description&quot;:&quot;SMP Smart Building Management Solution&quot;,&quot;id&quot;:&quot;ae329d78-be2e-433e-9ebf-f108bd37f328&quot;,&quot;name&quot;:&quot;sbms&quot;,&quot;revision&quot;:153,&quot;state&quot;:&quot;NEW&quot;,&quot;url&quot;:&quot;https://dev.azure.com/smpsolutionshu/_apis/projects/ae329d78-be2e-433e-9ebf-f108bd37f328&quot;}}" />
        </ServerContextState>
        <ServerContextState>
          <option name="type" value="VSO" />
          <option name="uri" value="https://smpsolutionshu@dev.azure.com/smpsolutionshu/sbms/_git/SMP.SBMS.Dashboard" />
          <option name="serverUri" value="https://dev.azure.com/smpsolutionshu" />
          <option name="userId" value="959802ed-a27d-69d4-988d-64d205ea28f6" />
          <option name="teamProjectCollectionReference" value="{&quot;id&quot;:&quot;9a23c2a9-a3d8-4ec1-b816-67074bd28f91&quot;,&quot;name&quot;:&quot;smpsolutionshu&quot;,&quot;url&quot;:&quot;https://dev.azure.com/smpsolutionshu/_apis/projectCollections/9a23c2a9-a3d8-4ec1-b816-67074bd28f91&quot;}" />
          <option name="teamProjectReference" value="{&quot;abbreviation&quot;:null,&quot;description&quot;:&quot;SMP Smart Building Management Solution&quot;,&quot;id&quot;:&quot;ae329d78-be2e-433e-9ebf-f108bd37f328&quot;,&quot;name&quot;:&quot;sbms&quot;,&quot;revision&quot;:153,&quot;state&quot;:&quot;NEW&quot;,&quot;url&quot;:&quot;https://dev.azure.com/smpsolutionshu/_apis/projects/ae329d78-be2e-433e-9ebf-f108bd37f328&quot;}" />
          <option name="gitRepository" value="{&quot;defaultBranch&quot;:null,&quot;id&quot;:&quot;0c1451d4-0e66-47b0-b3fe-1e6f450e9e61&quot;,&quot;name&quot;:&quot;SMP.SBMS.Dashboard&quot;,&quot;remoteUrl&quot;:&quot;https://smpsolutionshu@dev.azure.com/smpsolutionshu/sbms/_git/SMP.SBMS.Dashboard&quot;,&quot;url&quot;:&quot;https://dev.azure.com/smpsolutionshu/_apis/git/repositories/0c1451d4-0e66-47b0-b3fe-1e6f450e9e61&quot;,&quot;_links&quot;:null,&quot;project&quot;:{&quot;abbreviation&quot;:null,&quot;description&quot;:&quot;SMP Smart Building Management Solution&quot;,&quot;id&quot;:&quot;ae329d78-be2e-433e-9ebf-f108bd37f328&quot;,&quot;name&quot;:&quot;sbms&quot;,&quot;revision&quot;:153,&quot;state&quot;:&quot;NEW&quot;,&quot;url&quot;:&quot;https://dev.azure.com/smpsolutionshu/_apis/projects/ae329d78-be2e-433e-9ebf-f108bd37f328&quot;}}" />
        </ServerContextState>
        <ServerContextState>
          <option name="type" value="VSO" />
          <option name="uri" value="https://smpsolutionshu@dev.azure.com/smpsolutionshu/sbms/_git/SMP.SBMS.Storage" />
          <option name="serverUri" value="https://dev.azure.com/smpsolutionshu" />
          <option name="userId" value="959802ed-a27d-69d4-988d-64d205ea28f6" />
          <option name="teamProjectCollectionReference" value="{&quot;id&quot;:&quot;9a23c2a9-a3d8-4ec1-b816-67074bd28f91&quot;,&quot;name&quot;:&quot;smpsolutionshu&quot;,&quot;url&quot;:&quot;https://dev.azure.com/smpsolutionshu/_apis/projectCollections/9a23c2a9-a3d8-4ec1-b816-67074bd28f91&quot;}" />
          <option name="teamProjectReference" value="{&quot;abbreviation&quot;:null,&quot;description&quot;:&quot;SMP Smart Building Management Solution&quot;,&quot;id&quot;:&quot;ae329d78-be2e-433e-9ebf-f108bd37f328&quot;,&quot;name&quot;:&quot;sbms&quot;,&quot;revision&quot;:153,&quot;state&quot;:&quot;NEW&quot;,&quot;url&quot;:&quot;https://dev.azure.com/smpsolutionshu/_apis/projects/ae329d78-be2e-433e-9ebf-f108bd37f328&quot;}" />
          <option name="gitRepository" value="{&quot;defaultBranch&quot;:null,&quot;id&quot;:&quot;ca408845-3b34-4808-b0e7-939d9224a3ac&quot;,&quot;name&quot;:&quot;SMP.SBMS.Storage&quot;,&quot;remoteUrl&quot;:&quot;https://smpsolutionshu@dev.azure.com/smpsolutionshu/sbms/_git/SMP.SBMS.Storage&quot;,&quot;url&quot;:&quot;https://dev.azure.com/smpsolutionshu/_apis/git/repositories/ca408845-3b34-4808-b0e7-939d9224a3ac&quot;,&quot;_links&quot;:null,&quot;project&quot;:{&quot;abbreviation&quot;:null,&quot;description&quot;:&quot;SMP Smart Building Management Solution&quot;,&quot;id&quot;:&quot;ae329d78-be2e-433e-9ebf-f108bd37f328&quot;,&quot;name&quot;:&quot;sbms&quot;,&quot;revision&quot;:153,&quot;state&quot;:&quot;NEW&quot;,&quot;url&quot;:&quot;https://dev.azure.com/smpsolutionshu/_apis/projects/ae329d78-be2e-433e-9ebf-f108bd37f328&quot;}}" />
        </ServerContextState>
        <ServerContextState>
          <option name="type" value="VSO" />
          <option name="uri" value="https://smpsolutionshu@dev.azure.com/smpsolutionshu/sbms/_git/SMP.SBMS.SmartParking" />
          <option name="serverUri" value="https://dev.azure.com/smpsolutionshu" />
          <option name="userId" value="959802ed-a27d-69d4-988d-64d205ea28f6" />
          <option name="teamProjectCollectionReference" value="{&quot;id&quot;:&quot;9a23c2a9-a3d8-4ec1-b816-67074bd28f91&quot;,&quot;name&quot;:&quot;smpsolutionshu&quot;,&quot;url&quot;:&quot;https://dev.azure.com/smpsolutionshu/_apis/projectCollections/9a23c2a9-a3d8-4ec1-b816-67074bd28f91&quot;}" />
          <option name="teamProjectReference" value="{&quot;abbreviation&quot;:null,&quot;description&quot;:&quot;SMP Smart Building Management Solution&quot;,&quot;id&quot;:&quot;ae329d78-be2e-433e-9ebf-f108bd37f328&quot;,&quot;name&quot;:&quot;sbms&quot;,&quot;revision&quot;:153,&quot;state&quot;:&quot;NEW&quot;,&quot;url&quot;:&quot;https://dev.azure.com/smpsolutionshu/_apis/projects/ae329d78-be2e-433e-9ebf-f108bd37f328&quot;}" />
          <option name="gitRepository" value="{&quot;defaultBranch&quot;:null,&quot;id&quot;:&quot;50b6c0c0-9caf-48b3-a17d-f1a71e77aa29&quot;,&quot;name&quot;:&quot;SMP.SBMS.SmartParking&quot;,&quot;remoteUrl&quot;:&quot;https://smpsolutionshu@dev.azure.com/smpsolutionshu/sbms/_git/SMP.SBMS.SmartParking&quot;,&quot;url&quot;:&quot;https://dev.azure.com/smpsolutionshu/_apis/git/repositories/50b6c0c0-9caf-48b3-a17d-f1a71e77aa29&quot;,&quot;_links&quot;:null,&quot;project&quot;:{&quot;abbreviation&quot;:null,&quot;description&quot;:&quot;SMP Smart Building Management Solution&quot;,&quot;id&quot;:&quot;ae329d78-be2e-433e-9ebf-f108bd37f328&quot;,&quot;name&quot;:&quot;sbms&quot;,&quot;revision&quot;:153,&quot;state&quot;:&quot;NEW&quot;,&quot;url&quot;:&quot;https://dev.azure.com/smpsolutionshu/_apis/projects/ae329d78-be2e-433e-9ebf-f108bd37f328&quot;}}" />
        </ServerContextState>
        <ServerContextState>
          <option name="type" value="VSO" />
          <option name="uri" value="https://smpsolutionshu@dev.azure.com/smpsolutionshu/sbms/_git/Sandbox" />
          <option name="serverUri" value="https://dev.azure.com/smpsolutionshu" />
          <option name="userId" value="959802ed-a27d-69d4-988d-64d205ea28f6" />
          <option name="teamProjectCollectionReference" value="{&quot;id&quot;:&quot;9a23c2a9-a3d8-4ec1-b816-67074bd28f91&quot;,&quot;name&quot;:&quot;smpsolutionshu&quot;,&quot;url&quot;:&quot;https://dev.azure.com/smpsolutionshu/_apis/projectCollections/9a23c2a9-a3d8-4ec1-b816-67074bd28f91&quot;}" />
          <option name="teamProjectReference" value="{&quot;abbreviation&quot;:null,&quot;description&quot;:&quot;Soffie - Smart Office Solution&quot;,&quot;id&quot;:&quot;ae329d78-be2e-433e-9ebf-f108bd37f328&quot;,&quot;name&quot;:&quot;sbms&quot;,&quot;revision&quot;:262,&quot;state&quot;:&quot;NEW&quot;,&quot;url&quot;:&quot;https://dev.azure.com/smpsolutionshu/_apis/projects/ae329d78-be2e-433e-9ebf-f108bd37f328&quot;}" />
          <option name="gitRepository" value="{&quot;defaultBranch&quot;:null,&quot;id&quot;:&quot;b85ee0f5-a487-4950-a1eb-663893c6aaa9&quot;,&quot;name&quot;:&quot;Sandbox&quot;,&quot;remoteUrl&quot;:&quot;https://smpsolutionshu@dev.azure.com/smpsolutionshu/sbms/_git/Sandbox&quot;,&quot;url&quot;:&quot;https://dev.azure.com/smpsolutionshu/_apis/git/repositories/b85ee0f5-a487-4950-a1eb-663893c6aaa9&quot;,&quot;_links&quot;:null,&quot;project&quot;:{&quot;abbreviation&quot;:null,&quot;description&quot;:&quot;Soffie - Smart Office Solution&quot;,&quot;id&quot;:&quot;ae329d78-be2e-433e-9ebf-f108bd37f328&quot;,&quot;name&quot;:&quot;sbms&quot;,&quot;revision&quot;:262,&quot;state&quot;:&quot;NEW&quot;,&quot;url&quot;:&quot;https://dev.azure.com/smpsolutionshu/_apis/projects/ae329d78-be2e-433e-9ebf-f108bd37f328&quot;}}" />
        </ServerContextState>
        <ServerContextState>
          <option name="type" value="VSO" />
          <option name="uri" value="https://smpsolutionshu@dev.azure.com/smpsolutionshu/sbms/_git/SMP.SBMS.IdentityServer" />
          <option name="serverUri" value="https://dev.azure.com/smpsolutionshu" />
          <option name="userId" value="959802ed-a27d-69d4-988d-64d205ea28f6" />
          <option name="teamProjectCollectionReference" value="{&quot;id&quot;:&quot;9a23c2a9-a3d8-4ec1-b816-67074bd28f91&quot;,&quot;name&quot;:&quot;smpsolutionshu&quot;,&quot;url&quot;:&quot;https://dev.azure.com/smpsolutionshu/_apis/projectCollections/9a23c2a9-a3d8-4ec1-b816-67074bd28f91&quot;}" />
          <option name="teamProjectReference" value="{&quot;abbreviation&quot;:null,&quot;description&quot;:&quot;Soffie - Smart Office Solution&quot;,&quot;id&quot;:&quot;ae329d78-be2e-433e-9ebf-f108bd37f328&quot;,&quot;name&quot;:&quot;sbms&quot;,&quot;revision&quot;:262,&quot;state&quot;:&quot;NEW&quot;,&quot;url&quot;:&quot;https://dev.azure.com/smpsolutionshu/_apis/projects/ae329d78-be2e-433e-9ebf-f108bd37f328&quot;}" />
          <option name="gitRepository" value="{&quot;defaultBranch&quot;:null,&quot;id&quot;:&quot;ac0455e4-b676-449a-84ae-79fb5e13bdcd&quot;,&quot;name&quot;:&quot;SMP.SBMS.IdentityServer&quot;,&quot;remoteUrl&quot;:&quot;https://smpsolutionshu@dev.azure.com/smpsolutionshu/sbms/_git/SMP.SBMS.IdentityServer&quot;,&quot;url&quot;:&quot;https://dev.azure.com/smpsolutionshu/_apis/git/repositories/ac0455e4-b676-449a-84ae-79fb5e13bdcd&quot;,&quot;_links&quot;:null,&quot;project&quot;:{&quot;abbreviation&quot;:null,&quot;description&quot;:&quot;Soffie - Smart Office Solution&quot;,&quot;id&quot;:&quot;ae329d78-be2e-433e-9ebf-f108bd37f328&quot;,&quot;name&quot;:&quot;sbms&quot;,&quot;revision&quot;:262,&quot;state&quot;:&quot;NEW&quot;,&quot;url&quot;:&quot;https://dev.azure.com/smpsolutionshu/_apis/projects/ae329d78-be2e-433e-9ebf-f108bd37f328&quot;}}" />
        </ServerContextState>
        <ServerContextState>
          <option name="type" value="VSO" />
          <option name="uri" value="https://smpsolutionshu@dev.azure.com/smpsolutionshu/sbms/_git/SMP.SBMS.KeySafe" />
          <option name="serverUri" value="https://dev.azure.com/smpsolutionshu" />
          <option name="userId" value="959802ed-a27d-69d4-988d-64d205ea28f6" />
          <option name="teamProjectCollectionReference" value="{&quot;id&quot;:&quot;9a23c2a9-a3d8-4ec1-b816-67074bd28f91&quot;,&quot;name&quot;:&quot;smpsolutionshu&quot;,&quot;url&quot;:&quot;https://dev.azure.com/smpsolutionshu/_apis/projectCollections/9a23c2a9-a3d8-4ec1-b816-67074bd28f91&quot;}" />
          <option name="teamProjectReference" value="{&quot;abbreviation&quot;:null,&quot;description&quot;:&quot;SMP Smart Building Management Solution&quot;,&quot;id&quot;:&quot;ae329d78-be2e-433e-9ebf-f108bd37f328&quot;,&quot;name&quot;:&quot;sbms&quot;,&quot;revision&quot;:153,&quot;state&quot;:&quot;NEW&quot;,&quot;url&quot;:&quot;https://dev.azure.com/smpsolutionshu/_apis/projects/ae329d78-be2e-433e-9ebf-f108bd37f328&quot;}" />
          <option name="gitRepository" value="{&quot;defaultBranch&quot;:null,&quot;id&quot;:&quot;3be538ca-bfdf-43d3-b801-f144f52e660f&quot;,&quot;name&quot;:&quot;SMP.SBMS.KeySafe&quot;,&quot;remoteUrl&quot;:&quot;https://smpsolutionshu@dev.azure.com/smpsolutionshu/sbms/_git/SMP.SBMS.KeySafe&quot;,&quot;url&quot;:&quot;https://dev.azure.com/smpsolutionshu/_apis/git/repositories/3be538ca-bfdf-43d3-b801-f144f52e660f&quot;,&quot;_links&quot;:null,&quot;project&quot;:{&quot;abbreviation&quot;:null,&quot;description&quot;:&quot;SMP Smart Building Management Solution&quot;,&quot;id&quot;:&quot;ae329d78-be2e-433e-9ebf-f108bd37f328&quot;,&quot;name&quot;:&quot;sbms&quot;,&quot;revision&quot;:153,&quot;state&quot;:&quot;NEW&quot;,&quot;url&quot;:&quot;https://dev.azure.com/smpsolutionshu/_apis/projects/ae329d78-be2e-433e-9ebf-f108bd37f328&quot;}}" />
        </ServerContextState>
        <ServerContextState>
          <option name="type" value="VSO" />
          <option name="uri" value="https://smpsolutionshu@dev.azure.com/smpsolutionshu/sbms/_git/SMP.SBMS.Web.ApiGateway" />
          <option name="serverUri" value="https://dev.azure.com/smpsolutionshu" />
          <option name="userId" value="959802ed-a27d-69d4-988d-64d205ea28f6" />
          <option name="teamProjectCollectionReference" value="{&quot;id&quot;:&quot;9a23c2a9-a3d8-4ec1-b816-67074bd28f91&quot;,&quot;name&quot;:&quot;smpsolutionshu&quot;,&quot;url&quot;:&quot;https://dev.azure.com/smpsolutionshu/_apis/projectCollections/9a23c2a9-a3d8-4ec1-b816-67074bd28f91&quot;}" />
          <option name="teamProjectReference" value="{&quot;abbreviation&quot;:null,&quot;description&quot;:&quot;SMP Smart Building Management Solution&quot;,&quot;id&quot;:&quot;ae329d78-be2e-433e-9ebf-f108bd37f328&quot;,&quot;name&quot;:&quot;sbms&quot;,&quot;revision&quot;:153,&quot;state&quot;:&quot;NEW&quot;,&quot;url&quot;:&quot;https://dev.azure.com/smpsolutionshu/_apis/projects/ae329d78-be2e-433e-9ebf-f108bd37f328&quot;}" />
          <option name="gitRepository" value="{&quot;defaultBranch&quot;:null,&quot;id&quot;:&quot;d55088c0-8aa1-494b-bd3d-00a30d4cf2d6&quot;,&quot;name&quot;:&quot;SMP.SBMS.Web.ApiGateway&quot;,&quot;remoteUrl&quot;:&quot;https://smpsolutionshu@dev.azure.com/smpsolutionshu/sbms/_git/SMP.SBMS.Web.ApiGateway&quot;,&quot;url&quot;:&quot;https://dev.azure.com/smpsolutionshu/_apis/git/repositories/d55088c0-8aa1-494b-bd3d-00a30d4cf2d6&quot;,&quot;_links&quot;:null,&quot;project&quot;:{&quot;abbreviation&quot;:null,&quot;description&quot;:&quot;SMP Smart Building Management Solution&quot;,&quot;id&quot;:&quot;ae329d78-be2e-433e-9ebf-f108bd37f328&quot;,&quot;name&quot;:&quot;sbms&quot;,&quot;revision&quot;:153,&quot;state&quot;:&quot;NEW&quot;,&quot;url&quot;:&quot;https://dev.azure.com/smpsolutionshu/_apis/projects/ae329d78-be2e-433e-9ebf-f108bd37f328&quot;}}" />
        </ServerContextState>
        <ServerContextState>
          <option name="type" value="VSO" />
          <option name="uri" value="https://smpsolutionshu@dev.azure.com/smpsolutionshu/sbms/_git/SMP.SBMS.MicrosoftGraphAdapter" />
          <option name="serverUri" value="https://dev.azure.com/smpsolutionshu" />
          <option name="userId" value="959802ed-a27d-69d4-988d-64d205ea28f6" />
          <option name="teamProjectCollectionReference" value="{&quot;id&quot;:&quot;9a23c2a9-a3d8-4ec1-b816-67074bd28f91&quot;,&quot;name&quot;:&quot;smpsolutionshu&quot;,&quot;url&quot;:&quot;https://dev.azure.com/smpsolutionshu/_apis/projectCollections/9a23c2a9-a3d8-4ec1-b816-67074bd28f91&quot;}" />
          <option name="teamProjectReference" value="{&quot;abbreviation&quot;:null,&quot;description&quot;:&quot;SMP Smart Building Management Solution&quot;,&quot;id&quot;:&quot;ae329d78-be2e-433e-9ebf-f108bd37f328&quot;,&quot;name&quot;:&quot;sbms&quot;,&quot;revision&quot;:153,&quot;state&quot;:&quot;NEW&quot;,&quot;url&quot;:&quot;https://dev.azure.com/smpsolutionshu/_apis/projects/ae329d78-be2e-433e-9ebf-f108bd37f328&quot;}" />
          <option name="gitRepository" value="{&quot;defaultBranch&quot;:null,&quot;id&quot;:&quot;f8f95e14-bca4-4be1-831e-6bdb38453f1f&quot;,&quot;name&quot;:&quot;SMP.SBMS.MicrosoftGraphAdapter&quot;,&quot;remoteUrl&quot;:&quot;https://smpsolutionshu@dev.azure.com/smpsolutionshu/sbms/_git/SMP.SBMS.MicrosoftGraphAdapter&quot;,&quot;url&quot;:&quot;https://dev.azure.com/smpsolutionshu/_apis/git/repositories/f8f95e14-bca4-4be1-831e-6bdb38453f1f&quot;,&quot;_links&quot;:null,&quot;project&quot;:{&quot;abbreviation&quot;:null,&quot;description&quot;:&quot;SMP Smart Building Management Solution&quot;,&quot;id&quot;:&quot;ae329d78-be2e-433e-9ebf-f108bd37f328&quot;,&quot;name&quot;:&quot;sbms&quot;,&quot;revision&quot;:153,&quot;state&quot;:&quot;NEW&quot;,&quot;url&quot;:&quot;https://dev.azure.com/smpsolutionshu/_apis/projects/ae329d78-be2e-433e-9ebf-f108bd37f328&quot;}}" />
        </ServerContextState>
        <ServerContextState>
          <option name="type" value="VSO" />
          <option name="uri" value="https://smpsolutionshu@dev.azure.com/smpsolutionshu/sbms/_git/SMP.SBMS.Mobile.ApiGateway" />
          <option name="serverUri" value="https://dev.azure.com/smpsolutionshu" />
          <option name="userId" value="959802ed-a27d-69d4-988d-64d205ea28f6" />
          <option name="teamProjectCollectionReference" value="{&quot;id&quot;:&quot;9a23c2a9-a3d8-4ec1-b816-67074bd28f91&quot;,&quot;name&quot;:&quot;smpsolutionshu&quot;,&quot;url&quot;:&quot;https://dev.azure.com/smpsolutionshu/_apis/projectCollections/9a23c2a9-a3d8-4ec1-b816-67074bd28f91&quot;}" />
          <option name="teamProjectReference" value="{&quot;abbreviation&quot;:null,&quot;description&quot;:&quot;Soffie - Smart Office Solution&quot;,&quot;id&quot;:&quot;ae329d78-be2e-433e-9ebf-f108bd37f328&quot;,&quot;name&quot;:&quot;sbms&quot;,&quot;revision&quot;:262,&quot;state&quot;:&quot;NEW&quot;,&quot;url&quot;:&quot;https://dev.azure.com/smpsolutionshu/_apis/projects/ae329d78-be2e-433e-9ebf-f108bd37f328&quot;}" />
          <option name="gitRepository" value="{&quot;defaultBranch&quot;:null,&quot;id&quot;:&quot;769ffc66-b339-4ab7-82e3-aa0ab1057f9f&quot;,&quot;name&quot;:&quot;SMP.SBMS.Mobile.ApiGateway&quot;,&quot;remoteUrl&quot;:&quot;https://smpsolutionshu@dev.azure.com/smpsolutionshu/sbms/_git/SMP.SBMS.Mobile.ApiGateway&quot;,&quot;url&quot;:&quot;https://dev.azure.com/smpsolutionshu/_apis/git/repositories/769ffc66-b339-4ab7-82e3-aa0ab1057f9f&quot;,&quot;_links&quot;:null,&quot;project&quot;:{&quot;abbreviation&quot;:null,&quot;description&quot;:&quot;Soffie - Smart Office Solution&quot;,&quot;id&quot;:&quot;ae329d78-be2e-433e-9ebf-f108bd37f328&quot;,&quot;name&quot;:&quot;sbms&quot;,&quot;revision&quot;:262,&quot;state&quot;:&quot;NEW&quot;,&quot;url&quot;:&quot;https://dev.azure.com/smpsolutionshu/_apis/projects/ae329d78-be2e-433e-9ebf-f108bd37f328&quot;}}" />
        </ServerContextState>
        <ServerContextState>
          <option name="type" value="VSO" />
          <option name="uri" value="https://smpsolutionshu@dev.azure.com/smpsolutionshu/sbms/_git/SMP.SBMS.Floorplan.Web" />
          <option name="serverUri" value="https://dev.azure.com/smpsolutionshu" />
          <option name="userId" value="959802ed-a27d-69d4-988d-64d205ea28f6" />
          <option name="teamProjectCollectionReference" value="{&quot;id&quot;:&quot;9a23c2a9-a3d8-4ec1-b816-67074bd28f91&quot;,&quot;name&quot;:&quot;smpsolutionshu&quot;,&quot;url&quot;:&quot;https://dev.azure.com/smpsolutionshu/_apis/projectCollections/9a23c2a9-a3d8-4ec1-b816-67074bd28f91&quot;}" />
          <option name="teamProjectReference" value="{&quot;abbreviation&quot;:null,&quot;description&quot;:&quot;SMP Smart Building Management Solution&quot;,&quot;id&quot;:&quot;ae329d78-be2e-433e-9ebf-f108bd37f328&quot;,&quot;name&quot;:&quot;sbms&quot;,&quot;revision&quot;:153,&quot;state&quot;:&quot;NEW&quot;,&quot;url&quot;:&quot;https://dev.azure.com/smpsolutionshu/_apis/projects/ae329d78-be2e-433e-9ebf-f108bd37f328&quot;}" />
          <option name="gitRepository" value="{&quot;defaultBranch&quot;:null,&quot;id&quot;:&quot;b83f2dcb-6c81-4b6d-aec9-8e922f08fd1e&quot;,&quot;name&quot;:&quot;SMP.SBMS.Floorplan.Web&quot;,&quot;remoteUrl&quot;:&quot;https://smpsolutionshu@dev.azure.com/smpsolutionshu/sbms/_git/SMP.SBMS.Floorplan.Web&quot;,&quot;url&quot;:&quot;https://dev.azure.com/smpsolutionshu/_apis/git/repositories/b83f2dcb-6c81-4b6d-aec9-8e922f08fd1e&quot;,&quot;_links&quot;:null,&quot;project&quot;:{&quot;abbreviation&quot;:null,&quot;description&quot;:&quot;SMP Smart Building Management Solution&quot;,&quot;id&quot;:&quot;ae329d78-be2e-433e-9ebf-f108bd37f328&quot;,&quot;name&quot;:&quot;sbms&quot;,&quot;revision&quot;:153,&quot;state&quot;:&quot;NEW&quot;,&quot;url&quot;:&quot;https://dev.azure.com/smpsolutionshu/_apis/projects/ae329d78-be2e-433e-9ebf-f108bd37f328&quot;}}" />
        </ServerContextState>
        <ServerContextState>
          <option name="type" value="VSO" />
          <option name="uri" value="https://smpsolutionshu@dev.azure.com/smpsolutionshu/sbms/_git/SMP.SBMS.SkidataAdapter" />
          <option name="serverUri" value="https://dev.azure.com/smpsolutionshu" />
          <option name="userId" value="959802ed-a27d-69d4-988d-64d205ea28f6" />
          <option name="teamProjectCollectionReference" value="{&quot;id&quot;:&quot;9a23c2a9-a3d8-4ec1-b816-67074bd28f91&quot;,&quot;name&quot;:&quot;smpsolutionshu&quot;,&quot;url&quot;:&quot;https://dev.azure.com/smpsolutionshu/_apis/projectCollections/9a23c2a9-a3d8-4ec1-b816-67074bd28f91&quot;}" />
          <option name="teamProjectReference" value="{&quot;abbreviation&quot;:null,&quot;description&quot;:&quot;SMP Smart Building Management Solution&quot;,&quot;id&quot;:&quot;ae329d78-be2e-433e-9ebf-f108bd37f328&quot;,&quot;name&quot;:&quot;sbms&quot;,&quot;revision&quot;:153,&quot;state&quot;:&quot;NEW&quot;,&quot;url&quot;:&quot;https://dev.azure.com/smpsolutionshu/_apis/projects/ae329d78-be2e-433e-9ebf-f108bd37f328&quot;}" />
          <option name="gitRepository" value="{&quot;defaultBranch&quot;:null,&quot;id&quot;:&quot;4429be19-fed2-4440-a139-f843bab5dae9&quot;,&quot;name&quot;:&quot;SMP.SBMS.SkidataAdapter&quot;,&quot;remoteUrl&quot;:&quot;https://smpsolutionshu@dev.azure.com/smpsolutionshu/sbms/_git/SMP.SBMS.SkidataAdapter&quot;,&quot;url&quot;:&quot;https://dev.azure.com/smpsolutionshu/_apis/git/repositories/4429be19-fed2-4440-a139-f843bab5dae9&quot;,&quot;_links&quot;:null,&quot;project&quot;:{&quot;abbreviation&quot;:null,&quot;description&quot;:&quot;SMP Smart Building Management Solution&quot;,&quot;id&quot;:&quot;ae329d78-be2e-433e-9ebf-f108bd37f328&quot;,&quot;name&quot;:&quot;sbms&quot;,&quot;revision&quot;:153,&quot;state&quot;:&quot;NEW&quot;,&quot;url&quot;:&quot;https://dev.azure.com/smpsolutionshu/_apis/projects/ae329d78-be2e-433e-9ebf-f108bd37f328&quot;}}" />
        </ServerContextState>
        <ServerContextState>
          <option name="type" value="VSO" />
          <option name="uri" value="https://smpsolutionshu@dev.azure.com/smpsolutionshu/sbms/_git/SMP.SBMS.C4Adapter" />
          <option name="serverUri" value="https://dev.azure.com/smpsolutionshu" />
          <option name="userId" value="959802ed-a27d-69d4-988d-64d205ea28f6" />
          <option name="teamProjectCollectionReference" value="{&quot;id&quot;:&quot;9a23c2a9-a3d8-4ec1-b816-67074bd28f91&quot;,&quot;name&quot;:&quot;smpsolutionshu&quot;,&quot;url&quot;:&quot;https://dev.azure.com/smpsolutionshu/_apis/projectCollections/9a23c2a9-a3d8-4ec1-b816-67074bd28f91&quot;}" />
          <option name="teamProjectReference" value="{&quot;abbreviation&quot;:null,&quot;description&quot;:&quot;SMP Smart Building Management Solution&quot;,&quot;id&quot;:&quot;ae329d78-be2e-433e-9ebf-f108bd37f328&quot;,&quot;name&quot;:&quot;sbms&quot;,&quot;revision&quot;:153,&quot;state&quot;:&quot;NEW&quot;,&quot;url&quot;:&quot;https://dev.azure.com/smpsolutionshu/_apis/projects/ae329d78-be2e-433e-9ebf-f108bd37f328&quot;}" />
          <option name="gitRepository" value="{&quot;defaultBranch&quot;:null,&quot;id&quot;:&quot;35a14c1d-2476-45c0-857f-a14097538f3b&quot;,&quot;name&quot;:&quot;SMP.SBMS.C4Adapter&quot;,&quot;remoteUrl&quot;:&quot;https://smpsolutionshu@dev.azure.com/smpsolutionshu/sbms/_git/SMP.SBMS.C4Adapter&quot;,&quot;url&quot;:&quot;https://dev.azure.com/smpsolutionshu/_apis/git/repositories/35a14c1d-2476-45c0-857f-a14097538f3b&quot;,&quot;_links&quot;:null,&quot;project&quot;:{&quot;abbreviation&quot;:null,&quot;description&quot;:&quot;SMP Smart Building Management Solution&quot;,&quot;id&quot;:&quot;ae329d78-be2e-433e-9ebf-f108bd37f328&quot;,&quot;name&quot;:&quot;sbms&quot;,&quot;revision&quot;:153,&quot;state&quot;:&quot;NEW&quot;,&quot;url&quot;:&quot;https://dev.azure.com/smpsolutionshu/_apis/projects/ae329d78-be2e-433e-9ebf-f108bd37f328&quot;}}" />
        </ServerContextState>
        <ServerContextState>
          <option name="type" value="VSO" />
          <option name="uri" value="https://smpsolutionshu@dev.azure.com/smpsolutionshu/SMP%20Development%20Tools/_git/SMP.LogCollector" />
          <option name="serverUri" value="https://dev.azure.com/smpsolutionshu" />
          <option name="userId" value="959802ed-a27d-69d4-988d-64d205ea28f6" />
          <option name="teamProjectCollectionReference" value="{&quot;id&quot;:&quot;9a23c2a9-a3d8-4ec1-b816-67074bd28f91&quot;,&quot;name&quot;:&quot;smpsolutionshu&quot;,&quot;url&quot;:&quot;https://dev.azure.com/smpsolutionshu/_apis/projectCollections/9a23c2a9-a3d8-4ec1-b816-67074bd28f91&quot;}" />
          <option name="teamProjectReference" value="{&quot;abbreviation&quot;:null,&quot;description&quot;:null,&quot;id&quot;:&quot;85fde974-9b6c-4e01-b103-46cf0af86f98&quot;,&quot;name&quot;:&quot;SMP Development Tools&quot;,&quot;revision&quot;:230,&quot;state&quot;:&quot;NEW&quot;,&quot;url&quot;:&quot;https://dev.azure.com/smpsolutionshu/_apis/projects/85fde974-9b6c-4e01-b103-46cf0af86f98&quot;}" />
          <option name="gitRepository" value="{&quot;defaultBranch&quot;:null,&quot;id&quot;:&quot;41005f17-1777-47d8-8f30-4c8843eeba10&quot;,&quot;name&quot;:&quot;SMP.LogCollector&quot;,&quot;remoteUrl&quot;:&quot;https://smpsolutionshu@dev.azure.com/smpsolutionshu/SMP%20Development%20Tools/_git/SMP.LogCollector&quot;,&quot;url&quot;:&quot;https://dev.azure.com/smpsolutionshu/_apis/git/repositories/41005f17-1777-47d8-8f30-4c8843eeba10&quot;,&quot;_links&quot;:null,&quot;project&quot;:{&quot;abbreviation&quot;:null,&quot;description&quot;:null,&quot;id&quot;:&quot;85fde974-9b6c-4e01-b103-46cf0af86f98&quot;,&quot;name&quot;:&quot;SMP Development Tools&quot;,&quot;revision&quot;:230,&quot;state&quot;:&quot;NEW&quot;,&quot;url&quot;:&quot;https://dev.azure.com/smpsolutionshu/_apis/projects/85fde974-9b6c-4e01-b103-46cf0af86f98&quot;}}" />
        </ServerContextState>
        <ServerContextState>
          <option name="type" value="VSO" />
          <option name="uri" value="https://smpsolutionshu@dev.azure.com/smpsolutionshu/sbms/_git/SMP.SBMS.Faq" />
          <option name="serverUri" value="https://dev.azure.com/smpsolutionshu" />
          <option name="userId" value="959802ed-a27d-69d4-988d-64d205ea28f6" />
          <option name="teamProjectCollectionReference" value="{&quot;id&quot;:&quot;9a23c2a9-a3d8-4ec1-b816-67074bd28f91&quot;,&quot;name&quot;:&quot;smpsolutionshu&quot;,&quot;url&quot;:&quot;https://dev.azure.com/smpsolutionshu/_apis/projectCollections/9a23c2a9-a3d8-4ec1-b816-67074bd28f91&quot;}" />
          <option name="teamProjectReference" value="{&quot;abbreviation&quot;:null,&quot;description&quot;:&quot;Soffie - Smart Office Solution&quot;,&quot;id&quot;:&quot;ae329d78-be2e-433e-9ebf-f108bd37f328&quot;,&quot;name&quot;:&quot;sbms&quot;,&quot;revision&quot;:289,&quot;state&quot;:&quot;NEW&quot;,&quot;url&quot;:&quot;https://dev.azure.com/smpsolutionshu/_apis/projects/ae329d78-be2e-433e-9ebf-f108bd37f328&quot;}" />
          <option name="gitRepository" value="{&quot;defaultBranch&quot;:null,&quot;id&quot;:&quot;e2f725a0-7b49-4c14-a8d5-4a7349e6ad12&quot;,&quot;name&quot;:&quot;SMP.SBMS.Faq&quot;,&quot;remoteUrl&quot;:&quot;https://smpsolutionshu@dev.azure.com/smpsolutionshu/sbms/_git/SMP.SBMS.Faq&quot;,&quot;url&quot;:&quot;https://dev.azure.com/smpsolutionshu/_apis/git/repositories/e2f725a0-7b49-4c14-a8d5-4a7349e6ad12&quot;,&quot;_links&quot;:null,&quot;project&quot;:{&quot;abbreviation&quot;:null,&quot;description&quot;:&quot;Soffie - Smart Office Solution&quot;,&quot;id&quot;:&quot;ae329d78-be2e-433e-9ebf-f108bd37f328&quot;,&quot;name&quot;:&quot;sbms&quot;,&quot;revision&quot;:289,&quot;state&quot;:&quot;NEW&quot;,&quot;url&quot;:&quot;https://dev.azure.com/smpsolutionshu/_apis/projects/ae329d78-be2e-433e-9ebf-f108bd37f328&quot;}}" />
        </ServerContextState>
        <ServerContextState>
          <option name="type" value="VSO" />
          <option name="uri" value="https://smpsolutionshu@dev.azure.com/smpsolutionshu/sbms/_git/SMP.SBMS.Scheduler" />
          <option name="serverUri" value="https://dev.azure.com/smpsolutionshu" />
          <option name="userId" value="959802ed-a27d-69d4-988d-64d205ea28f6" />
          <option name="teamProjectCollectionReference" value="{&quot;id&quot;:&quot;9a23c2a9-a3d8-4ec1-b816-67074bd28f91&quot;,&quot;name&quot;:&quot;smpsolutionshu&quot;,&quot;url&quot;:&quot;https://dev.azure.com/smpsolutionshu/_apis/projectCollections/9a23c2a9-a3d8-4ec1-b816-67074bd28f91&quot;}" />
          <option name="teamProjectReference" value="{&quot;abbreviation&quot;:null,&quot;description&quot;:&quot;Soffie - Smart Office Solution&quot;,&quot;id&quot;:&quot;ae329d78-be2e-433e-9ebf-f108bd37f328&quot;,&quot;name&quot;:&quot;sbms&quot;,&quot;revision&quot;:289,&quot;state&quot;:&quot;NEW&quot;,&quot;url&quot;:&quot;https://dev.azure.com/smpsolutionshu/_apis/projects/ae329d78-be2e-433e-9ebf-f108bd37f328&quot;}" />
          <option name="gitRepository" value="{&quot;defaultBranch&quot;:null,&quot;id&quot;:&quot;dc1f7326-e66c-4106-9039-88ad6a720c5c&quot;,&quot;name&quot;:&quot;SMP.SBMS.Scheduler&quot;,&quot;remoteUrl&quot;:&quot;https://smpsolutionshu@dev.azure.com/smpsolutionshu/sbms/_git/SMP.SBMS.Scheduler&quot;,&quot;url&quot;:&quot;https://dev.azure.com/smpsolutionshu/_apis/git/repositories/dc1f7326-e66c-4106-9039-88ad6a720c5c&quot;,&quot;_links&quot;:null,&quot;project&quot;:{&quot;abbreviation&quot;:null,&quot;description&quot;:&quot;Soffie - Smart Office Solution&quot;,&quot;id&quot;:&quot;ae329d78-be2e-433e-9ebf-f108bd37f328&quot;,&quot;name&quot;:&quot;sbms&quot;,&quot;revision&quot;:289,&quot;state&quot;:&quot;NEW&quot;,&quot;url&quot;:&quot;https://dev.azure.com/smpsolutionshu/_apis/projects/ae329d78-be2e-433e-9ebf-f108bd37f328&quot;}}" />
        </ServerContextState>
        <ServerContextState>
          <option name="type" value="VSO" />
          <option name="uri" value="https://smpsolutionshu@dev.azure.com/smpsolutionshu/sbms/_git/SMP.SBMS.NotificationService" />
          <option name="serverUri" value="https://dev.azure.com/smpsolutionshu" />
          <option name="userId" value="959802ed-a27d-69d4-988d-64d205ea28f6" />
          <option name="teamProjectCollectionReference" value="{&quot;id&quot;:&quot;9a23c2a9-a3d8-4ec1-b816-67074bd28f91&quot;,&quot;name&quot;:&quot;smpsolutionshu&quot;,&quot;url&quot;:&quot;https://dev.azure.com/smpsolutionshu/_apis/projectCollections/9a23c2a9-a3d8-4ec1-b816-67074bd28f91&quot;}" />
          <option name="teamProjectReference" value="{&quot;abbreviation&quot;:null,&quot;description&quot;:&quot;Soffie - Smart Office Solution&quot;,&quot;id&quot;:&quot;ae329d78-be2e-433e-9ebf-f108bd37f328&quot;,&quot;name&quot;:&quot;sbms&quot;,&quot;revision&quot;:289,&quot;state&quot;:&quot;NEW&quot;,&quot;url&quot;:&quot;https://dev.azure.com/smpsolutionshu/_apis/projects/ae329d78-be2e-433e-9ebf-f108bd37f328&quot;}" />
          <option name="gitRepository" value="{&quot;defaultBranch&quot;:null,&quot;id&quot;:&quot;db8c0792-04a3-48ce-a815-fe87e3b8643f&quot;,&quot;name&quot;:&quot;SMP.SBMS.NotificationService&quot;,&quot;remoteUrl&quot;:&quot;https://smpsolutionshu@dev.azure.com/smpsolutionshu/sbms/_git/SMP.SBMS.NotificationService&quot;,&quot;url&quot;:&quot;https://dev.azure.com/smpsolutionshu/_apis/git/repositories/db8c0792-04a3-48ce-a815-fe87e3b8643f&quot;,&quot;_links&quot;:null,&quot;project&quot;:{&quot;abbreviation&quot;:null,&quot;description&quot;:&quot;Soffie - Smart Office Solution&quot;,&quot;id&quot;:&quot;ae329d78-be2e-433e-9ebf-f108bd37f328&quot;,&quot;name&quot;:&quot;sbms&quot;,&quot;revision&quot;:289,&quot;state&quot;:&quot;NEW&quot;,&quot;url&quot;:&quot;https://dev.azure.com/smpsolutionshu/_apis/projects/ae329d78-be2e-433e-9ebf-f108bd37f328&quot;}}" />
        </ServerContextState>
        <ServerContextState>
          <option name="type" value="VSO" />
          <option name="uri" value="https://smpsolutionshu@dev.azure.com/smpsolutionshu/sbms/_git/SMP.SBMS.AiNavigation" />
          <option name="serverUri" value="https://dev.azure.com/smpsolutionshu" />
          <option name="userId" value="959802ed-a27d-69d4-988d-64d205ea28f6" />
          <option name="teamProjectCollectionReference" value="{&quot;id&quot;:&quot;9a23c2a9-a3d8-4ec1-b816-67074bd28f91&quot;,&quot;name&quot;:&quot;smpsolutionshu&quot;,&quot;url&quot;:&quot;https://dev.azure.com/smpsolutionshu/_apis/projectCollections/9a23c2a9-a3d8-4ec1-b816-67074bd28f91&quot;}" />
          <option name="teamProjectReference" value="{&quot;abbreviation&quot;:null,&quot;description&quot;:&quot;Soffie - Smart Office Solution&quot;,&quot;id&quot;:&quot;ae329d78-be2e-433e-9ebf-f108bd37f328&quot;,&quot;name&quot;:&quot;sbms&quot;,&quot;revision&quot;:289,&quot;state&quot;:&quot;NEW&quot;,&quot;url&quot;:&quot;https://dev.azure.com/smpsolutionshu/_apis/projects/ae329d78-be2e-433e-9ebf-f108bd37f328&quot;}" />
          <option name="gitRepository" value="{&quot;defaultBranch&quot;:null,&quot;id&quot;:&quot;fde77c6b-005f-4de8-8b24-195d7d9818f9&quot;,&quot;name&quot;:&quot;SMP.SBMS.AiNavigation&quot;,&quot;remoteUrl&quot;:&quot;https://smpsolutionshu@dev.azure.com/smpsolutionshu/sbms/_git/SMP.SBMS.AiNavigation&quot;,&quot;url&quot;:&quot;https://dev.azure.com/smpsolutionshu/_apis/git/repositories/fde77c6b-005f-4de8-8b24-195d7d9818f9&quot;,&quot;_links&quot;:null,&quot;project&quot;:{&quot;abbreviation&quot;:null,&quot;description&quot;:&quot;Soffie - Smart Office Solution&quot;,&quot;id&quot;:&quot;ae329d78-be2e-433e-9ebf-f108bd37f328&quot;,&quot;name&quot;:&quot;sbms&quot;,&quot;revision&quot;:289,&quot;state&quot;:&quot;NEW&quot;,&quot;url&quot;:&quot;https://dev.azure.com/smpsolutionshu/_apis/projects/ae329d78-be2e-433e-9ebf-f108bd37f328&quot;}}" />
        </ServerContextState>
        <ServerContextState>
          <option name="type" value="VSO" />
          <option name="uri" value="https://smpsolutionshu@dev.azure.com/smpsolutionshu/sbms/_git/SMP.SBMS.Person" />
          <option name="serverUri" value="https://dev.azure.com/smpsolutionshu" />
          <option name="userId" value="959802ed-a27d-69d4-988d-64d205ea28f6" />
          <option name="teamProjectCollectionReference" value="{&quot;id&quot;:&quot;9a23c2a9-a3d8-4ec1-b816-67074bd28f91&quot;,&quot;name&quot;:&quot;smpsolutionshu&quot;,&quot;url&quot;:&quot;https://dev.azure.com/smpsolutionshu/_apis/projectCollections/9a23c2a9-a3d8-4ec1-b816-67074bd28f91&quot;}" />
          <option name="teamProjectReference" value="{&quot;abbreviation&quot;:null,&quot;description&quot;:&quot;SMP Smart Building Management Solution&quot;,&quot;id&quot;:&quot;ae329d78-be2e-433e-9ebf-f108bd37f328&quot;,&quot;name&quot;:&quot;sbms&quot;,&quot;revision&quot;:153,&quot;state&quot;:&quot;NEW&quot;,&quot;url&quot;:&quot;https://dev.azure.com/smpsolutionshu/_apis/projects/ae329d78-be2e-433e-9ebf-f108bd37f328&quot;}" />
          <option name="gitRepository" value="{&quot;defaultBranch&quot;:null,&quot;id&quot;:&quot;188349cc-df5e-4987-94c2-dcf8d265795c&quot;,&quot;name&quot;:&quot;SMP.SBMS.Person&quot;,&quot;remoteUrl&quot;:&quot;https://smpsolutionshu@dev.azure.com/smpsolutionshu/sbms/_git/SMP.SBMS.Person&quot;,&quot;url&quot;:&quot;https://dev.azure.com/smpsolutionshu/_apis/git/repositories/188349cc-df5e-4987-94c2-dcf8d265795c&quot;,&quot;_links&quot;:null,&quot;project&quot;:{&quot;abbreviation&quot;:null,&quot;description&quot;:&quot;SMP Smart Building Management Solution&quot;,&quot;id&quot;:&quot;ae329d78-be2e-433e-9ebf-f108bd37f328&quot;,&quot;name&quot;:&quot;sbms&quot;,&quot;revision&quot;:153,&quot;state&quot;:&quot;NEW&quot;,&quot;url&quot;:&quot;https://dev.azure.com/smpsolutionshu/_apis/projects/ae329d78-be2e-433e-9ebf-f108bd37f328&quot;}}" />
        </ServerContextState>
        <ServerContextState>
          <option name="type" value="VSO" />
          <option name="uri" value="https://smpsolutionshu@dev.azure.com/smpsolutionshu/sbms/_git/SMP.SBMS.Calendar" />
          <option name="serverUri" value="https://dev.azure.com/smpsolutionshu" />
          <option name="userId" value="959802ed-a27d-69d4-988d-64d205ea28f6" />
          <option name="teamProjectCollectionReference" value="{&quot;id&quot;:&quot;9a23c2a9-a3d8-4ec1-b816-67074bd28f91&quot;,&quot;name&quot;:&quot;smpsolutionshu&quot;,&quot;url&quot;:&quot;https://dev.azure.com/smpsolutionshu/_apis/projectCollections/9a23c2a9-a3d8-4ec1-b816-67074bd28f91&quot;}" />
          <option name="teamProjectReference" value="{&quot;abbreviation&quot;:null,&quot;description&quot;:&quot;SMP Smart Building Management Solution&quot;,&quot;id&quot;:&quot;ae329d78-be2e-433e-9ebf-f108bd37f328&quot;,&quot;name&quot;:&quot;sbms&quot;,&quot;revision&quot;:153,&quot;state&quot;:&quot;NEW&quot;,&quot;url&quot;:&quot;https://dev.azure.com/smpsolutionshu/_apis/projects/ae329d78-be2e-433e-9ebf-f108bd37f328&quot;}" />
          <option name="gitRepository" value="{&quot;defaultBranch&quot;:null,&quot;id&quot;:&quot;83c8c7be-e9c0-4109-8d58-dc6f8a4a7854&quot;,&quot;name&quot;:&quot;SMP.SBMS.Calendar&quot;,&quot;remoteUrl&quot;:&quot;https://smpsolutionshu@dev.azure.com/smpsolutionshu/sbms/_git/SMP.SBMS.Calendar&quot;,&quot;url&quot;:&quot;https://dev.azure.com/smpsolutionshu/_apis/git/repositories/83c8c7be-e9c0-4109-8d58-dc6f8a4a7854&quot;,&quot;_links&quot;:null,&quot;project&quot;:{&quot;abbreviation&quot;:null,&quot;description&quot;:&quot;SMP Smart Building Management Solution&quot;,&quot;id&quot;:&quot;ae329d78-be2e-433e-9ebf-f108bd37f328&quot;,&quot;name&quot;:&quot;sbms&quot;,&quot;revision&quot;:153,&quot;state&quot;:&quot;NEW&quot;,&quot;url&quot;:&quot;https://dev.azure.com/smpsolutionshu/_apis/projects/ae329d78-be2e-433e-9ebf-f108bd37f328&quot;}}" />
        </ServerContextState>
        <ServerContextState>
          <option name="type" value="VSO" />
          <option name="uri" value="https://smpsolutionshu@dev.azure.com/smpsolutionshu/SMP%20Development%20Tools/_git/SMP.LogViewer" />
          <option name="serverUri" value="https://dev.azure.com/smpsolutionshu" />
          <option name="userId" value="959802ed-a27d-69d4-988d-64d205ea28f6" />
          <option name="teamProjectCollectionReference" value="{&quot;id&quot;:&quot;9a23c2a9-a3d8-4ec1-b816-67074bd28f91&quot;,&quot;name&quot;:&quot;smpsolutionshu&quot;,&quot;url&quot;:&quot;https://dev.azure.com/smpsolutionshu/_apis/projectCollections/9a23c2a9-a3d8-4ec1-b816-67074bd28f91&quot;}" />
          <option name="teamProjectReference" value="{&quot;abbreviation&quot;:null,&quot;description&quot;:null,&quot;id&quot;:&quot;85fde974-9b6c-4e01-b103-46cf0af86f98&quot;,&quot;name&quot;:&quot;SMP Development Tools&quot;,&quot;revision&quot;:230,&quot;state&quot;:&quot;NEW&quot;,&quot;url&quot;:&quot;https://dev.azure.com/smpsolutionshu/_apis/projects/85fde974-9b6c-4e01-b103-46cf0af86f98&quot;}" />
          <option name="gitRepository" value="{&quot;defaultBranch&quot;:null,&quot;id&quot;:&quot;ce458a52-3c7a-4c14-a0d0-2bf0eac601c2&quot;,&quot;name&quot;:&quot;SMP.LogViewer&quot;,&quot;remoteUrl&quot;:&quot;https://smpsolutionshu@dev.azure.com/smpsolutionshu/SMP%20Development%20Tools/_git/SMP.LogViewer&quot;,&quot;url&quot;:&quot;https://dev.azure.com/smpsolutionshu/_apis/git/repositories/ce458a52-3c7a-4c14-a0d0-2bf0eac601c2&quot;,&quot;_links&quot;:null,&quot;project&quot;:{&quot;abbreviation&quot;:null,&quot;description&quot;:null,&quot;id&quot;:&quot;85fde974-9b6c-4e01-b103-46cf0af86f98&quot;,&quot;name&quot;:&quot;SMP Development Tools&quot;,&quot;revision&quot;:230,&quot;state&quot;:&quot;NEW&quot;,&quot;url&quot;:&quot;https://dev.azure.com/smpsolutionshu/_apis/projects/85fde974-9b6c-4e01-b103-46cf0af86f98&quot;}}" />
        </ServerContextState>
      </array>
    </option>
    <option name="properties">
      <array>
        <PropertyState>
          <option name="name" value="lastContextKey" />
          <option name="value" value="//smpsolutionshu@dev.azure.com/smpsolutionshu/sbms/_git/smp.sbms.notificationservice" />
        </PropertyState>
      </array>
    </option>
  </component>
</application>