<keymap version="1" name="IntelliJ copy" parent="Mac OS X 10.5+">
  <action id="AddToFavoritesPopup" />
  <action id="Arrangement.Alias.Rule.Match.Condition.Move.Down" />
  <action id="Arrangement.Rule.Edit" />
  <action id="Arrangement.Rule.Group.Condition.Move.Down" />
  <action id="Arrangement.Rule.Group.Condition.Move.Up" />
  <action id="Arrangement.Rule.Match.Condition.Move.Down" />
  <action id="Arrangement.Rule.Match.Condition.Move.Up" />
  <action id="Back">
    <keyboard-shortcut first-keystroke="meta open_bracket" />
    <keyboard-shortcut first-keystroke="meta alt left" />
    <mouse-shortcut keystroke="button4" />
    <keyboard-shortcut first-keystroke="alt minus" />
    <keyboard-shortcut first-keystroke="meta minus" />
  </action>
  <action id="BookmarksView.Rename" />
  <action id="BuildSolutionAction">
    <keyboard-shortcut first-keystroke="shift ctrl b" />
  </action>
  <action id="ChangesView.GroupBy.Directory" />
  <action id="ChangesView.Rename">
    <keyboard-shortcut first-keystroke="shift f6" />
  </action>
  <action id="ChangesView.ShelveSilently" />
  <action id="ChooseDebugConfiguration">
    <keyboard-shortcut first-keystroke="ctrl alt d" />
    <keyboard-shortcut first-keystroke="ctrl f6" />
  </action>
  <action id="ChooseRunConfiguration">
    <keyboard-shortcut first-keystroke="ctrl alt r" />
    <keyboard-shortcut first-keystroke="ctrl f5" />
  </action>
  <action id="CollapseAll" />
  <action id="CollapseAllRegions">
    <keyboard-shortcut first-keystroke="shift meta subtract" />
  </action>
  <action id="CollapseExpandableComponent">
    <keyboard-shortcut first-keystroke="shift enter" />
  </action>
  <action id="CollapseRegion">
    <keyboard-shortcut first-keystroke="meta subtract" />
  </action>
  <action id="CompileDirty" />
  <action id="CompileFile">
    <keyboard-shortcut first-keystroke="ctrl b" />
  </action>
  <action id="Console.TableResult.EditValue">
    <keyboard-shortcut first-keystroke="enter" />
    <keyboard-shortcut first-keystroke="alt enter" />
  </action>
  <action id="Console.TableResult.NavigateExportedAction">
    <keyboard-shortcut first-keystroke="alt f7" />
  </action>
  <action id="CopyElement" />
  <action id="Debug">
    <keyboard-shortcut first-keystroke="ctrl d" />
    <keyboard-shortcut first-keystroke="f6" />
  </action>
  <action id="EditSource">
    <keyboard-shortcut first-keystroke="meta down" />
  </action>
  <action id="EditorCloneCaretAbove">
    <keyboard-shortcut first-keystroke="shift alt up" />
  </action>
  <action id="EditorCloneCaretBelow">
    <keyboard-shortcut first-keystroke="shift alt down" />
  </action>
  <action id="EditorDeleteLine">
    <keyboard-shortcut first-keystroke="meta back_space" />
    <keyboard-shortcut first-keystroke="ctrl l" />
  </action>
  <action id="EditorLeft">
    <keyboard-shortcut first-keystroke="left" />
  </action>
  <action id="EditorScrollToCenter" />
  <action id="EditorSelectWord" />
  <action id="EditorUnSelectWord" />
  <action id="EditorUp">
    <keyboard-shortcut first-keystroke="up" />
  </action>
  <action id="EvaluateExpression">
    <keyboard-shortcut first-keystroke="shift f9" />
  </action>
  <action id="ExpandAll">
    <keyboard-shortcut first-keystroke="meta equals" />
  </action>
  <action id="ExpandAllRegions">
    <keyboard-shortcut first-keystroke="shift meta plus" />
    <keyboard-shortcut first-keystroke="shift meta add" />
  </action>
  <action id="ExpandExpandableComponent">
    <keyboard-shortcut first-keystroke="shift enter" />
    <keyboard-shortcut first-keystroke="meta equals" />
  </action>
  <action id="ExpandRegion">
    <keyboard-shortcut first-keystroke="meta plus" />
    <keyboard-shortcut first-keystroke="meta add" />
  </action>
  <action id="ExportToTextFile" />
  <action id="ExternalSystem.CollapseAll" />
  <action id="ExternalSystem.ExpandAll">
    <keyboard-shortcut first-keystroke="meta equals" />
  </action>
  <action id="ExternalSystem.OpenConfig">
    <keyboard-shortcut first-keystroke="meta down" />
  </action>
  <action id="FileStructurePopup">
    <keyboard-shortcut first-keystroke="meta f12" />
    <keyboard-shortcut first-keystroke="ctrl o" />
    <keyboard-shortcut first-keystroke="meta o" />
  </action>
  <action id="FindInPath">
    <keyboard-shortcut first-keystroke="meta h" />
  </action>
  <action id="FindUsages">
    <keyboard-shortcut first-keystroke="alt f7" />
    <keyboard-shortcut first-keystroke="shift ctrl g" />
  </action>
  <action id="Forward">
    <keyboard-shortcut first-keystroke="meta close_bracket" />
    <keyboard-shortcut first-keystroke="meta alt right" />
    <mouse-shortcut keystroke="button5" />
    <keyboard-shortcut first-keystroke="shift alt minus" />
    <keyboard-shortcut first-keystroke="shift meta minus" />
  </action>
  <action id="Generate">
    <keyboard-shortcut first-keystroke="meta n" />
    <keyboard-shortcut first-keystroke="ctrl enter" />
    <keyboard-shortcut first-keystroke="meta help" />
  </action>
  <action id="Git.Rename.Local.Branch">
    <keyboard-shortcut first-keystroke="shift f6" />
  </action>
  <action id="Git.Reword.Commit">
    <keyboard-shortcut first-keystroke="shift f6" />
  </action>
  <action id="GotoAction">
    <keyboard-shortcut first-keystroke="shift ctrl a" />
  </action>
  <action id="GotoClass">
    <keyboard-shortcut first-keystroke="shift ctrl t" />
  </action>
  <action id="GotoDeclaration">
    <mouse-shortcut keystroke="meta button1" />
    <mouse-shortcut keystroke="Force touch" />
    <mouse-shortcut keystroke="button2" />
    <keyboard-shortcut first-keystroke="f3" />
  </action>
  <action id="GotoFile">
    <keyboard-shortcut first-keystroke="shift ctrl r" />
  </action>
  <action id="GotoImplementation">
    <keyboard-shortcut first-keystroke="meta alt b" />
    <mouse-shortcut keystroke="meta alt button1" />
    <keyboard-shortcut first-keystroke="ctrl t" />
  </action>
  <action id="GotoNextError" />
  <action id="GotoSuperMethod">
    <keyboard-shortcut first-keystroke="meta u" />
    <keyboard-shortcut first-keystroke="shift f3" />
  </action>
  <action id="GotoSymbol">
    <keyboard-shortcut first-keystroke="meta alt o" />
    <keyboard-shortcut first-keystroke="shift ctrl n" />
  </action>
  <action id="GotoTypeDeclaration">
    <keyboard-shortcut first-keystroke="shift meta b" />
    <mouse-shortcut keystroke="shift meta button1" />
  </action>
  <action id="Graph.ApplyCurrentLayout" />
  <action id="Graph.RouteEdges" />
  <action id="Images.Editor.ZoomIn">
    <keyboard-shortcut first-keystroke="meta equals" />
  </action>
  <action id="Images.Editor.ZoomOut" />
  <action id="Jdbc.OpenEditor.Data">
    <keyboard-shortcut first-keystroke="meta down" />
  </action>
  <action id="List-selectFirstRow" />
  <action id="List-selectFirstRowExtendSelection" />
  <action id="List-selectLastRow" />
  <action id="List-selectLastRowExtendSelection" />
  <action id="List-selectPreviousColumn">
    <keyboard-shortcut first-keystroke="left" />
  </action>
  <action id="List-selectPreviousRow">
    <keyboard-shortcut first-keystroke="up" />
  </action>
  <action id="Markdown.Styling.CreateLink" />
  <action id="MethodHierarchy" />
  <action id="MethodHierarchy.BaseOnThisMethod" />
  <action id="MethodOverloadSwitchDown" />
  <action id="MethodOverloadSwitchUp" />
  <action id="Move" />
  <action id="MoveLineDown">
    <keyboard-shortcut first-keystroke="alt down" />
  </action>
  <action id="MoveLineUp">
    <keyboard-shortcut first-keystroke="alt up" />
  </action>
  <action id="NavBar-navigate">
    <keyboard-shortcut first-keystroke="meta down" />
  </action>
  <action id="NavBar-selectLeft">
    <keyboard-shortcut first-keystroke="left" />
  </action>
  <action id="NavBar-selectUp">
    <keyboard-shortcut first-keystroke="up" />
  </action>
  <action id="NextDiff" />
  <action id="OptimizeImports">
    <keyboard-shortcut first-keystroke="shift ctrl o" />
    <keyboard-shortcut first-keystroke="shift meta o" />
  </action>
  <action id="OverrideMethods" />
  <action id="ParameterInfo">
    <keyboard-shortcut first-keystroke="meta p" />
    <keyboard-shortcut first-keystroke="ctrl p" />
  </action>
  <action id="PopupMenu-selectPrevious">
    <keyboard-shortcut first-keystroke="up" />
  </action>
  <action id="ProjectViewEditSource">
    <keyboard-shortcut first-keystroke="meta down" />
  </action>
  <action id="QuickImplementations">
    <keyboard-shortcut first-keystroke="shift ctrl i" />
    <keyboard-shortcut first-keystroke="alt f3" />
  </action>
  <action id="QuickJavaDoc">
    <keyboard-shortcut first-keystroke="ctrl j" />
    <mouse-shortcut keystroke="control button2" />
    <keyboard-shortcut first-keystroke="f2" />
  </action>
  <action id="ReSharperNavigateTo" />
  <action id="Refactorings.QuickListPopupAction" />
  <action id="ReformatCode">
    <keyboard-shortcut first-keystroke="meta alt l" />
    <keyboard-shortcut first-keystroke="shift alt f" />
  </action>
  <action id="RemoteHostView.EditSource">
    <keyboard-shortcut first-keystroke="meta down" />
  </action>
  <action id="RenameElement">
    <keyboard-shortcut first-keystroke="shift f6" />
    <keyboard-shortcut first-keystroke="shift alt r" />
  </action>
  <action id="Replace">
    <keyboard-shortcut first-keystroke="meta r" />
    <keyboard-shortcut first-keystroke="shift meta f" />
  </action>
  <action id="ReplaceInPath">
    <keyboard-shortcut first-keystroke="shift meta h" />
  </action>
  <action id="RerunTests">
    <keyboard-shortcut first-keystroke="ctrl meta r" />
  </action>
  <action id="Resume">
    <keyboard-shortcut first-keystroke="meta alt r" />
    <keyboard-shortcut first-keystroke="f8" />
  </action>
  <action id="RiderOpenSolution" />
  <action id="RiderProjectDiagramApplyCurrentLayout" />
  <action id="RiderUnitTestRunContextAction">
    <keyboard-shortcut first-keystroke="meta semicolon" second-keystroke="r" />
    <keyboard-shortcut first-keystroke="meta semicolon" second-keystroke="meta r" />
  </action>
  <action id="Run">
    <keyboard-shortcut first-keystroke="ctrl r" />
    <keyboard-shortcut first-keystroke="f5" />
  </action>
  <action id="RunClass" />
  <action id="RunDashboard.Run" />
  <action id="RunToCursor">
    <keyboard-shortcut first-keystroke="alt f9" />
    <mouse-shortcut keystroke="Force touch" />
    <keyboard-shortcut first-keystroke="alt f8" />
  </action>
  <action id="SegmentedButton-left">
    <keyboard-shortcut first-keystroke="left" />
  </action>
  <action id="SelectVirtualTemplateElement" />
  <action id="ServiceView.GroupByContributor" />
  <action id="ServiceView.GroupByServiceGroups" />
  <action id="ShelveChanges.UnshelveWithDialog" />
  <action id="ShelvedChanges.Rename">
    <keyboard-shortcut first-keystroke="shift f6" />
  </action>
  <action id="ShowSearchHistory" />
  <action id="ShowSettingsAndFindUsages">
    <keyboard-shortcut first-keystroke="shift ctrl alt g" />
  </action>
  <action id="ShowUsages">
    <keyboard-shortcut first-keystroke="meta alt f7" />
    <keyboard-shortcut first-keystroke="shift ctrl f7" />
  </action>
  <action id="SmartSelect" />
  <action id="SmartUnSelect" />
  <action id="Sql.EditParameter">
    <keyboard-shortcut first-keystroke="meta down" />
  </action>
  <action id="StepInto">
    <keyboard-shortcut first-keystroke="ctrl f10" />
  </action>
  <action id="StepOut">
    <keyboard-shortcut first-keystroke="shift f8" />
    <keyboard-shortcut first-keystroke="shift f10" />
  </action>
  <action id="StepOver">
    <keyboard-shortcut first-keystroke="f10" />
  </action>
  <action id="Stop">
    <keyboard-shortcut first-keystroke="meta f2" />
    <keyboard-shortcut first-keystroke="shift f5" />
  </action>
  <action id="SwitchHeaderSource" />
  <action id="Table-selectPreviousRow">
    <keyboard-shortcut first-keystroke="up" />
  </action>
  <action id="Table-startEditing" />
  <action id="TableResult.GrowSelection" />
  <action id="TableResult.ShrinkSelection" />
  <action id="TableResult.UnselectPreviousOccurrence" />
  <action id="TodoViewGroupByShowPackages" />
  <action id="ToggleBookmark">
    <keyboard-shortcut first-keystroke="meta b" />
  </action>
  <action id="ToggleBookmarkWithMnemonic" />
  <action id="ToggleBreakpointEnabled">
    <keyboard-shortcut first-keystroke="ctrl f9" />
  </action>
  <action id="ToggleLineBreakpoint">
    <keyboard-shortcut first-keystroke="meta f8" />
    <keyboard-shortcut first-keystroke="f9" />
  </action>
  <action id="Tree-selectParent">
    <keyboard-shortcut first-keystroke="left" />
  </action>
  <action id="Tree-selectPrevious">
    <keyboard-shortcut first-keystroke="up" />
  </action>
  <action id="Tree-startEditing" />
  <action id="TurnOffF10WinShortcut" />
  <action id="TypeHierarchy">
    <keyboard-shortcut first-keystroke="ctrl h" />
    <keyboard-shortcut first-keystroke="f4" />
  </action>
  <action id="UnselectPreviousOccurrence" />
  <action id="UsageGrouping.Directory" />
  <action id="UsageGrouping.FlattenModules" />
  <action id="UsageGrouping.UsageType" />
  <action id="UsageView.ShowRecentFindUsages" />
  <action id="ViewBreakpoints">
    <keyboard-shortcut first-keystroke="shift meta f8" />
    <keyboard-shortcut first-keystroke="shift ctrl f9" />
  </action>
  <action id="XDebugger.MoveWatchDown">
    <keyboard-shortcut first-keystroke="alt down" />
  </action>
  <action id="XDebugger.SetValue" />
  <action id="org.intellij.plugins.markdown.ui.actions.styling.ToggleBoldAction" />
  <action id="runShellFileAction" />
</keymap>