<application>
  <component name="GeneralSettings">
    <option name="confirmExit" value="false" />
    <option name="reopenLastProject" value="false" />
    <option name="showTipsOnStartup" value="false" />
  </component>
  <component name="Registry">
    <entry key="ide.require.transaction.for.model.changes" value="false" />
    <entry key="search.everywhere.pattern.checking" value="false" />
    <entry key="ide.tooltip.initialDelay" value="0" />
    <entry key="ide.tooltip.initialDelay.highlighter" value="0" />
    <entry key="search.everywhere.settings" value="true" />
    <entry key="java.completion.argument.hints.internal" value="false" />
    <entry key="ide.tree.horizontal.default.autoscrolling" value="false" />
    <entry key="parameter.info.max.visible.rows" value="10" />
    <entry key="ide.mac.file.chooser.native" value="false" />
    <entry key="ide.win.frame.decoration" value="true" />
    <entry key="performance.watcher.sampling.interval.ms" value="200" />
    <entry key="performance.watcher.unresponsive.interval.ms" value="1000" />
    <entry key="ide.svg.icon" value="true" />
    <entry key="ide.tooltip.showAllSeverities" value="true" />
    <entry key="light.edit.file.open.enabled" value="false" />
    <entry key="rdclient.asyncActions" value="false" />
    <entry key="debugger.show.values.use.inlays" value="false" />
    <entry key="ide.tree.expand.navigatable.on.double.click.disabled" value="true" />
    <entry key="use.tabbed.welcome.screen" value="false" />
    <entry key="ide.new.project.model" value="false" />
    <entry key="ide.mac.bigsur.alerts.enabled" value="false" />
    <entry key="ide.mac.bigsur.window.with.tabs.enabled" value="false" />
  </component>
</application>