<application>
  <component name="sonar-resources-application-component">
    <option name="sonarResourcesBySonarServerName">
      <map>
        <entry key="SMP SonarCloud">
          <value>
            <list>
              <Resource>
                <option name="key" value="smp-hermes" />
                <option name="name" value="Hermes" />
                <option name="qualifier" value="TRK" />
              </Resource>
              <Resource>
                <option name="key" value="SMP.SBMS.API.Validators" />
                <option name="name" value="SMP.SBMS.API.Validators" />
                <option name="qualifier" value="TRK" />
              </Resource>
              <Resource>
                <option name="key" value="SMP.SBMS.AiNavigation" />
                <option name="name" value="SMP.SBMS.AiNavigation" />
                <option name="qualifier" value="TRK" />
              </Resource>
              <Resource>
                <option name="key" value="SMP.SBMS.C4Adapter" />
                <option name="name" value="SMP.SBMS.C4Adapter" />
                <option name="qualifier" value="TRK" />
              </Resource>
              <Resource>
                <option name="key" value="SMP.SBMS.Configuration" />
                <option name="name" value="SMP.SBMS.Configuration" />
                <option name="qualifier" value="TRK" />
              </Resource>
              <Resource>
                <option name="key" value="SMP.SBMS.Dashboard" />
                <option name="name" value="SMP.SBMS.Dashboard" />
                <option name="qualifier" value="TRK" />
              </Resource>
              <Resource>
                <option name="key" value="SMP.SBMS.Data.Base" />
                <option name="name" value="SMP.SBMS.Data.Base" />
                <option name="qualifier" value="TRK" />
              </Resource>
              <Resource>
                <option name="key" value="SMP.SBMS.Floorplan" />
                <option name="name" value="SMP.SBMS.Floorplan" />
                <option name="qualifier" value="TRK" />
              </Resource>
              <Resource>
                <option name="key" value="SMP.SBMS.Floorplan.Web" />
                <option name="name" value="SMP.SBMS.Floorplan.Web" />
                <option name="qualifier" value="TRK" />
              </Resource>
              <Resource>
                <option name="key" value="SMP.SBMS.GeoJson" />
                <option name="name" value="SMP.SBMS.GeoJson" />
                <option name="qualifier" value="TRK" />
              </Resource>
              <Resource>
                <option name="key" value="SMP.SBMS.Geocoding" />
                <option name="name" value="SMP.SBMS.Geocoding" />
                <option name="qualifier" value="TRK" />
              </Resource>
              <Resource>
                <option name="key" value="SMP.SBMS.HikvisionAdapter" />
                <option name="name" value="SMP.SBMS.HikvisionAdapter" />
                <option name="qualifier" value="TRK" />
              </Resource>
              <Resource>
                <option name="key" value="SMP.SBMS.IdentityServer" />
                <option name="name" value="SMP.SBMS.IdentityServer" />
                <option name="qualifier" value="TRK" />
              </Resource>
              <Resource>
                <option name="key" value="SMP.SBMS.IndoorNav.MeasurementsAPI" />
                <option name="name" value="SMP.SBMS.IndoorNav.MeasurementsAPI" />
                <option name="qualifier" value="TRK" />
              </Resource>
              <Resource>
                <option name="key" value="SMP.SBMS.IndoorNav.MeasurementsMobile" />
                <option name="name" value="SMP.SBMS.IndoorNav.MeasurementsMobile" />
                <option name="qualifier" value="TRK" />
              </Resource>
              <Resource>
                <option name="key" value="SMP.SBMS.IndoorNav.Mobile.Native" />
                <option name="name" value="SMP.SBMS.IndoorNav.Mobile.Native" />
                <option name="qualifier" value="TRK" />
              </Resource>
              <Resource>
                <option name="key" value="SMP.SBMS.IndoorNav.NavigationCore" />
                <option name="name" value="SMP.SBMS.IndoorNav.NavigationCore" />
                <option name="qualifier" value="TRK" />
              </Resource>
              <Resource>
                <option name="key" value="SMP.SBMS.IntegrationAdapter.Base" />
                <option name="name" value="SMP.SBMS.IntegrationAdapter.Base" />
                <option name="qualifier" value="TRK" />
              </Resource>
              <Resource>
                <option name="key" value="SMP.SBMS.Localization" />
                <option name="name" value="SMP.SBMS.Localization" />
                <option name="qualifier" value="TRK" />
              </Resource>
              <Resource>
                <option name="key" value="SMP.SBMS.MeetingRoom" />
                <option name="name" value="SMP.SBMS.MeetingRoom" />
                <option name="qualifier" value="TRK" />
              </Resource>
              <Resource>
                <option name="key" value="SMP.SBMS.MicrosoftGraphAdapter" />
                <option name="name" value="SMP.SBMS.MicrosoftGraphAdapter" />
                <option name="qualifier" value="TRK" />
              </Resource>
              <Resource>
                <option name="key" value="SMP.SBMS.Navigation" />
                <option name="name" value="SMP.SBMS.Navigation" />
                <option name="qualifier" value="TRK" />
              </Resource>
              <Resource>
                <option name="key" value="SMP.SBMS.Parking" />
                <option name="name" value="SMP.SBMS.Parking" />
                <option name="qualifier" value="TRK" />
              </Resource>
              <Resource>
                <option name="key" value="SMP.SBMS.PositionSimulator" />
                <option name="name" value="SMP.SBMS.PositionSimulator" />
                <option name="qualifier" value="TRK" />
              </Resource>
              <Resource>
                <option name="key" value="SMP.SBMS.PrinterService" />
                <option name="name" value="SMP.SBMS.PrinterService" />
                <option name="qualifier" value="TRK" />
              </Resource>
              <Resource>
                <option name="key" value="SMP.SBMS.Scheduler" />
                <option name="name" value="SMP.SBMS.Scheduler" />
                <option name="qualifier" value="TRK" />
              </Resource>
              <Resource>
                <option name="key" value="SMP.SBMS.Storage" />
                <option name="name" value="SMP.SBMS.Storage" />
                <option name="qualifier" value="TRK" />
              </Resource>
              <Resource>
                <option name="key" value="SMP.SBMS.SubsystemDevices" />
                <option name="name" value="SMP.SBMS.SubsystemDevices" />
                <option name="qualifier" value="TRK" />
              </Resource>
              <Resource>
                <option name="key" value="SMP.SBMS.SubsystemIntegrationAdapter.Base" />
                <option name="name" value="SMP.SBMS.SubsystemIntegrationAdapter.Base" />
                <option name="qualifier" value="TRK" />
              </Resource>
              <Resource>
                <option name="key" value="SMP.SBMS.Utilities" />
                <option name="name" value="SMP.SBMS.Utilities" />
                <option name="qualifier" value="TRK" />
              </Resource>
              <Resource>
                <option name="key" value="SMP.SBMS.Web.MultipartBinder" />
                <option name="name" value="SMP.SBMS.Web.MultipartBinder" />
                <option name="qualifier" value="TRK" />
              </Resource>
              <Resource>
                <option name="key" value="otp.crm" />
                <option name="name" value="otp-crm" />
                <option name="qualifier" value="TRK" />
              </Resource>
              <Resource>
                <option name="key" value="otp-crm-core" />
                <option name="name" value="otp-crm-core" />
                <option name="qualifier" value="TRK" />
              </Resource>
              <Resource>
                <option name="key" value="otp-crm-test" />
                <option name="name" value="otp-crm-test" />
                <option name="qualifier" value="TRK" />
              </Resource>
              <Resource>
                <option name="key" value="smp.hu" />
                <option name="name" value="smp-hu" />
                <option name="qualifier" value="TRK" />
              </Resource>
            </list>
          </value>
        </entry>
        <entry key="SMP Sonarcloud">
          <value>
            <list>
              <Resource>
                <option name="key" value="smp-hermes" />
                <option name="name" value="Hermes" />
                <option name="qualifier" value="TRK" />
              </Resource>
              <Resource>
                <option name="key" value="SMP.Redis.Client" />
                <option name="name" value="SMP.Redis.Client" />
                <option name="qualifier" value="TRK" />
              </Resource>
              <Resource>
                <option name="key" value="SMP.SBMS.API.Validators" />
                <option name="name" value="SMP.SBMS.API.Validators" />
                <option name="qualifier" value="TRK" />
              </Resource>
              <Resource>
                <option name="key" value="SMP.SBMS.AiNavigation" />
                <option name="name" value="SMP.SBMS.AiNavigation" />
                <option name="qualifier" value="TRK" />
              </Resource>
              <Resource>
                <option name="key" value="SMP.SBMS.C4Adapter" />
                <option name="name" value="SMP.SBMS.C4Adapter" />
                <option name="qualifier" value="TRK" />
              </Resource>
              <Resource>
                <option name="key" value="SMP.SBMS.Calendar" />
                <option name="name" value="SMP.SBMS.Calendar" />
                <option name="qualifier" value="TRK" />
              </Resource>
              <Resource>
                <option name="key" value="SMP.SBMS.Configuration" />
                <option name="name" value="SMP.SBMS.Configuration" />
                <option name="qualifier" value="TRK" />
              </Resource>
              <Resource>
                <option name="key" value="SMP.SBMS.Dashboard" />
                <option name="name" value="SMP.SBMS.Dashboard" />
                <option name="qualifier" value="TRK" />
              </Resource>
              <Resource>
                <option name="key" value="SMP.SBMS.Data.Base" />
                <option name="name" value="SMP.SBMS.Data.Base" />
                <option name="qualifier" value="TRK" />
              </Resource>
              <Resource>
                <option name="key" value="SMP.SBMS.EWSAdapter" />
                <option name="name" value="SMP.SBMS.EWSAdapter" />
                <option name="qualifier" value="TRK" />
              </Resource>
              <Resource>
                <option name="key" value="SMP.SBMS.Faq" />
                <option name="name" value="SMP.SBMS.Faq" />
                <option name="qualifier" value="TRK" />
              </Resource>
              <Resource>
                <option name="key" value="SMP.SBMS.Floorplan" />
                <option name="name" value="SMP.SBMS.Floorplan" />
                <option name="qualifier" value="TRK" />
              </Resource>
              <Resource>
                <option name="key" value="SMP.SBMS.Floorplan.Web" />
                <option name="name" value="SMP.SBMS.Floorplan.Web" />
                <option name="qualifier" value="TRK" />
              </Resource>
              <Resource>
                <option name="key" value="SMP.SBMS.GeoJson" />
                <option name="name" value="SMP.SBMS.GeoJson" />
                <option name="qualifier" value="TRK" />
              </Resource>
              <Resource>
                <option name="key" value="SMP.SBMS.Geocoding" />
                <option name="name" value="SMP.SBMS.Geocoding" />
                <option name="qualifier" value="TRK" />
              </Resource>
              <Resource>
                <option name="key" value="SMP.SBMS.HikvisionAdapter" />
                <option name="name" value="SMP.SBMS.HikvisionAdapter" />
                <option name="qualifier" value="TRK" />
              </Resource>
              <Resource>
                <option name="key" value="SMP.SBMS.IdentityServer" />
                <option name="name" value="SMP.SBMS.IdentityServer" />
                <option name="qualifier" value="TRK" />
              </Resource>
              <Resource>
                <option name="key" value="SMP.SBMS.IndoorNav.MeasurementsAPI" />
                <option name="name" value="SMP.SBMS.IndoorNav.MeasurementsAPI" />
                <option name="qualifier" value="TRK" />
              </Resource>
              <Resource>
                <option name="key" value="SMP.SBMS.IndoorNav.MeasurementsMobile" />
                <option name="name" value="SMP.SBMS.IndoorNav.MeasurementsMobile" />
                <option name="qualifier" value="TRK" />
              </Resource>
              <Resource>
                <option name="key" value="SMP.SBMS.IndoorNav.Mobile.Native" />
                <option name="name" value="SMP.SBMS.IndoorNav.Mobile.Native" />
                <option name="qualifier" value="TRK" />
              </Resource>
              <Resource>
                <option name="key" value="SMP.SBMS.IndoorNav.NavigationCore" />
                <option name="name" value="SMP.SBMS.IndoorNav.NavigationCore" />
                <option name="qualifier" value="TRK" />
              </Resource>
              <Resource>
                <option name="key" value="SMP.SBMS.IntegrationAdapter.Base" />
                <option name="name" value="SMP.SBMS.IntegrationAdapter.Base" />
                <option name="qualifier" value="TRK" />
              </Resource>
              <Resource>
                <option name="key" value="SMP.SBMS.KeySafe" />
                <option name="name" value="SMP.SBMS.KeySafe" />
                <option name="qualifier" value="TRK" />
              </Resource>
              <Resource>
                <option name="key" value="SMP.SBMS.KeySafeAdapter" />
                <option name="name" value="SMP.SBMS.KeySafeAdapter" />
                <option name="qualifier" value="TRK" />
              </Resource>
              <Resource>
                <option name="key" value="SMP.SBMS.LdapAdapter" />
                <option name="name" value="SMP.SBMS.LdapAdapter" />
                <option name="qualifier" value="TRK" />
              </Resource>
              <Resource>
                <option name="key" value="SMP.SBMS.Localization" />
                <option name="name" value="SMP.SBMS.Localization" />
                <option name="qualifier" value="TRK" />
              </Resource>
              <Resource>
                <option name="key" value="SMP.SBMS.MeetingRoom" />
                <option name="name" value="SMP.SBMS.MeetingRoom" />
                <option name="qualifier" value="TRK" />
              </Resource>
              <Resource>
                <option name="key" value="SMP.SBMS.MicrosoftGraphAdapter" />
                <option name="name" value="SMP.SBMS.MicrosoftGraphAdapter" />
                <option name="qualifier" value="TRK" />
              </Resource>
              <Resource>
                <option name="key" value="SMP.SBMS.Navigation" />
                <option name="name" value="SMP.SBMS.Navigation" />
                <option name="qualifier" value="TRK" />
              </Resource>
              <Resource>
                <option name="key" value="SMP.SBMS.NotificationService" />
                <option name="name" value="SMP.SBMS.NotificationService" />
                <option name="qualifier" value="TRK" />
              </Resource>
              <Resource>
                <option name="key" value="SMP.SBMS.Parking" />
                <option name="name" value="SMP.SBMS.Parking" />
                <option name="qualifier" value="TRK" />
              </Resource>
              <Resource>
                <option name="key" value="SMP.SBMS.Person" />
                <option name="name" value="SMP.SBMS.Person" />
                <option name="qualifier" value="TRK" />
              </Resource>
              <Resource>
                <option name="key" value="SMP.SBMS.PositionSimulator" />
                <option name="name" value="SMP.SBMS.PositionSimulator" />
                <option name="qualifier" value="TRK" />
              </Resource>
              <Resource>
                <option name="key" value="SMP.SBMS.PrinterService" />
                <option name="name" value="SMP.SBMS.PrinterService" />
                <option name="qualifier" value="TRK" />
              </Resource>
              <Resource>
                <option name="key" value="SMP.SBMS.Privacy" />
                <option name="name" value="SMP.SBMS.Privacy" />
                <option name="qualifier" value="TRK" />
              </Resource>
              <Resource>
                <option name="key" value="SMP.SBMS.QuercusAdapter" />
                <option name="name" value="SMP.SBMS.QuercusAdapter" />
                <option name="qualifier" value="TRK" />
              </Resource>
              <Resource>
                <option name="key" value="SMP.SBMS.Scheduler" />
                <option name="name" value="SMP.SBMS.Scheduler" />
                <option name="qualifier" value="TRK" />
              </Resource>
              <Resource>
                <option name="key" value="SMP.SBMS.SkidataAdapter" />
                <option name="name" value="SMP.SBMS.SkidataAdapter" />
                <option name="qualifier" value="TRK" />
              </Resource>
              <Resource>
                <option name="key" value="SMP.SBMS.SmartParking" />
                <option name="name" value="SMP.SBMS.SmartParking" />
                <option name="qualifier" value="TRK" />
              </Resource>
              <Resource>
                <option name="key" value="SMP.SBMS.Storage" />
                <option name="name" value="SMP.SBMS.Storage" />
                <option name="qualifier" value="TRK" />
              </Resource>
              <Resource>
                <option name="key" value="SMP.SBMS.SubsystemDevices" />
                <option name="name" value="SMP.SBMS.SubsystemDevices" />
                <option name="qualifier" value="TRK" />
              </Resource>
              <Resource>
                <option name="key" value="SMP.SBMS.SubsystemIntegrationAdapter.Base" />
                <option name="name" value="SMP.SBMS.SubsystemIntegrationAdapter.Base" />
                <option name="qualifier" value="TRK" />
              </Resource>
              <Resource>
                <option name="key" value="SMP.SBMS.UserProfile" />
                <option name="name" value="SMP.SBMS.UserProfile" />
                <option name="qualifier" value="TRK" />
              </Resource>
              <Resource>
                <option name="key" value="SMP.SBMS.Utilities" />
                <option name="name" value="SMP.SBMS.Utilities" />
                <option name="qualifier" value="TRK" />
              </Resource>
              <Resource>
                <option name="key" value="SMP.SBMS.Web.MultipartBinder" />
                <option name="name" value="SMP.SBMS.Web.MultipartBinder" />
                <option name="qualifier" value="TRK" />
              </Resource>
              <Resource>
                <option name="key" value="smpsolutionshu_channel-microservice" />
                <option name="name" value="channel-microservice" />
                <option name="qualifier" value="TRK" />
              </Resource>
              <Resource>
                <option name="key" value="smpsolutionshu_cme-templating" />
                <option name="name" value="cme-templating" />
                <option name="qualifier" value="TRK" />
              </Resource>
              <Resource>
                <option name="key" value="smpsolutionshu_common-packages" />
                <option name="name" value="common-packages" />
                <option name="qualifier" value="TRK" />
              </Resource>
              <Resource>
                <option name="key" value="smpsolutionshu_container-database" />
                <option name="name" value="container-database" />
                <option name="qualifier" value="TRK" />
              </Resource>
              <Resource>
                <option name="key" value="smpsolutionshu_container-microservice" />
                <option name="name" value="container-microservice" />
                <option name="qualifier" value="TRK" />
              </Resource>
              <Resource>
                <option name="key" value="smpsolutionshu_customersearch-microservice" />
                <option name="name" value="customersearch-microservice" />
                <option name="qualifier" value="TRK" />
              </Resource>
              <Resource>
                <option name="key" value="smpsolutionshu_d365businesslogic-microservice" />
                <option name="name" value="d365businesslogic-microservice" />
                <option name="qualifier" value="TRK" />
              </Resource>
              <Resource>
                <option name="key" value="smpsolutionshu_d365persister-microservice" />
                <option name="name" value="d365persister-microservice" />
                <option name="qualifier" value="TRK" />
              </Resource>
              <Resource>
                <option name="key" value="smpsolutionshu_dax-microservice" />
                <option name="name" value="dax-microservice" />
                <option name="qualifier" value="TRK" />
              </Resource>
              <Resource>
                <option name="key" value="smpsolutionshu_dynamics365" />
                <option name="name" value="dynamics365" />
                <option name="qualifier" value="TRK" />
              </Resource>
              <Resource>
                <option name="key" value="smpsolutionshu_group-crm" />
                <option name="name" value="group-crm" />
                <option name="qualifier" value="TRK" />
              </Resource>
              <Resource>
                <option name="key" value="smpsolutionshu_health-microservice" />
                <option name="name" value="health-microservice" />
                <option name="qualifier" value="TRK" />
              </Resource>
              <Resource>
                <option name="key" value="smpsolutionshu_human-channel-microservice" />
                <option name="name" value="human-channel-microservice" />
                <option name="qualifier" value="TRK" />
              </Resource>
              <Resource>
                <option name="key" value="otp.crm" />
                <option name="name" value="otp-crm" />
                <option name="qualifier" value="TRK" />
              </Resource>
              <Resource>
                <option name="key" value="otp-crm-core" />
                <option name="name" value="otp-crm-core" />
                <option name="qualifier" value="TRK" />
              </Resource>
              <Resource>
                <option name="key" value="smpsolutionshu_quality-management" />
                <option name="name" value="quality-management" />
                <option name="qualifier" value="TRK" />
              </Resource>
              <Resource>
                <option name="key" value="smpsolutionshu_scheduler-micorservice" />
                <option name="name" value="scheduler-micorservice" />
                <option name="qualifier" value="TRK" />
              </Resource>
              <Resource>
                <option name="key" value="smp.hu" />
                <option name="name" value="smp-hu" />
                <option name="qualifier" value="TRK" />
              </Resource>
              <Resource>
                <option name="key" value="smpsolutionshu_snap-development" />
                <option name="name" value="snap-development" />
                <option name="qualifier" value="TRK" />
              </Resource>
              <Resource>
                <option name="key" value="smpsolutionshu_stageload-microservice" />
                <option name="name" value="stageload-microservice" />
                <option name="qualifier" value="TRK" />
              </Resource>
            </list>
          </value>
        </entry>
      </map>
    </option>
  </component>
</application>