<application>
  <component name="sonar-resources-application-component">
    <option name="sonarResourcesBySonarServerName">
      <map>
        <entry key="SMP SonarCloud">
          <value>
            <list>
              <Resource>
                <option name="key" value="smp-hermes" />
                <option name="name" value="Hermes" />
                <option name="qualifier" value="TRK" />
              </Resource>
              <Resource>
                <option name="key" value="SMP.SBMS.API.Validators" />
                <option name="name" value="SMP.SBMS.API.Validators" />
                <option name="qualifier" value="TRK" />
              </Resource>
              <Resource>
                <option name="key" value="SMP.SBMS.AiNavigation" />
                <option name="name" value="SMP.SBMS.AiNavigation" />
                <option name="qualifier" value="TRK" />
              </Resource>
              <Resource>
                <option name="key" value="SMP.SBMS.C4Adapter" />
                <option name="name" value="SMP.SBMS.C4Adapter" />
                <option name="qualifier" value="TRK" />
              </Resource>
              <Resource>
                <option name="key" value="SMP.SBMS.Configuration" />
                <option name="name" value="SMP.SBMS.Configuration" />
                <option name="qualifier" value="TRK" />
              </Resource>
              <Resource>
                <option name="key" value="SMP.SBMS.Dashboard" />
                <option name="name" value="SMP.SBMS.Dashboard" />
                <option name="qualifier" value="TRK" />
              </Resource>
              <Resource>
                <option name="key" value="SMP.SBMS.Data.Base" />
                <option name="name" value="SMP.SBMS.Data.Base" />
                <option name="qualifier" value="TRK" />
              </Resource>
              <Resource>
                <option name="key" value="SMP.SBMS.Floorplan" />
                <option name="name" value="SMP.SBMS.Floorplan" />
                <option name="qualifier" value="TRK" />
              </Resource>
              <Resource>
                <option name="key" value="SMP.SBMS.Floorplan.Web" />
                <option name="name" value="SMP.SBMS.Floorplan.Web" />
                <option name="qualifier" value="TRK" />
              </Resource>
              <Resource>
                <option name="key" value="SMP.SBMS.GeoJson" />
                <option name="name" value="SMP.SBMS.GeoJson" />
                <option name="qualifier" value="TRK" />
              </Resource>
              <Resource>
                <option name="key" value="SMP.SBMS.Geocoding" />
                <option name="name" value="SMP.SBMS.Geocoding" />
                <option name="qualifier" value="TRK" />
              </Resource>
              <Resource>
                <option name="key" value="SMP.SBMS.HikvisionAdapter" />
                <option name="name" value="SMP.SBMS.HikvisionAdapter" />
                <option name="qualifier" value="TRK" />
              </Resource>
              <Resource>
                <option name="key" value="SMP.SBMS.IdentityServer" />
                <option name="name" value="SMP.SBMS.IdentityServer" />
                <option name="qualifier" value="TRK" />
              </Resource>
              <Resource>
                <option name="key" value="SMP.SBMS.IndoorNav.MeasurementsAPI" />
                <option name="name" value="SMP.SBMS.IndoorNav.MeasurementsAPI" />
                <option name="qualifier" value="TRK" />
              </Resource>
              <Resource>
                <option name="key" value="SMP.SBMS.IndoorNav.MeasurementsMobile" />
                <option name="name" value="SMP.SBMS.IndoorNav.MeasurementsMobile" />
                <option name="qualifier" value="TRK" />
              </Resource>
              <Resource>
                <option name="key" value="SMP.SBMS.IndoorNav.Mobile.Native" />
                <option name="name" value="SMP.SBMS.IndoorNav.Mobile.Native" />
                <option name="qualifier" value="TRK" />
              </Resource>
              <Resource>
                <option name="key" value="SMP.SBMS.IndoorNav.NavigationCore" />
                <option name="name" value="SMP.SBMS.IndoorNav.NavigationCore" />
                <option name="qualifier" value="TRK" />
              </Resource>
              <Resource>
                <option name="key" value="SMP.SBMS.IntegrationAdapter.Base" />
                <option name="name" value="SMP.SBMS.IntegrationAdapter.Base" />
                <option name="qualifier" value="TRK" />
              </Resource>
              <Resource>
                <option name="key" value="SMP.SBMS.Localization" />
                <option name="name" value="SMP.SBMS.Localization" />
                <option name="qualifier" value="TRK" />
              </Resource>
              <Resource>
                <option name="key" value="SMP.SBMS.MeetingRoom" />
                <option name="name" value="SMP.SBMS.MeetingRoom" />
                <option name="qualifier" value="TRK" />
              </Resource>
              <Resource>
                <option name="key" value="SMP.SBMS.MicrosoftGraphAdapter" />
                <option name="name" value="SMP.SBMS.MicrosoftGraphAdapter" />
                <option name="qualifier" value="TRK" />
              </Resource>
              <Resource>
                <option name="key" value="SMP.SBMS.Navigation" />
                <option name="name" value="SMP.SBMS.Navigation" />
                <option name="qualifier" value="TRK" />
              </Resource>
              <Resource>
                <option name="key" value="SMP.SBMS.Parking" />
                <option name="name" value="SMP.SBMS.Parking" />
                <option name="qualifier" value="TRK" />
              </Resource>
              <Resource>
                <option name="key" value="SMP.SBMS.PositionSimulator" />
                <option name="name" value="SMP.SBMS.PositionSimulator" />
                <option name="qualifier" value="TRK" />
              </Resource>
              <Resource>
                <option name="key" value="SMP.SBMS.PrinterService" />
                <option name="name" value="SMP.SBMS.PrinterService" />
                <option name="qualifier" value="TRK" />
              </Resource>
              <Resource>
                <option name="key" value="SMP.SBMS.Scheduler" />
                <option name="name" value="SMP.SBMS.Scheduler" />
                <option name="qualifier" value="TRK" />
              </Resource>
              <Resource>
                <option name="key" value="SMP.SBMS.Storage" />
                <option name="name" value="SMP.SBMS.Storage" />
                <option name="qualifier" value="TRK" />
              </Resource>
              <Resource>
                <option name="key" value="SMP.SBMS.SubsystemDevices" />
                <option name="name" value="SMP.SBMS.SubsystemDevices" />
                <option name="qualifier" value="TRK" />
              </Resource>
              <Resource>
                <option name="key" value="SMP.SBMS.SubsystemIntegrationAdapter.Base" />
                <option name="name" value="SMP.SBMS.SubsystemIntegrationAdapter.Base" />
                <option name="qualifier" value="TRK" />
              </Resource>
              <Resource>
                <option name="key" value="SMP.SBMS.Utilities" />
                <option name="name" value="SMP.SBMS.Utilities" />
                <option name="qualifier" value="TRK" />
              </Resource>
              <Resource>
                <option name="key" value="SMP.SBMS.Web.MultipartBinder" />
                <option name="name" value="SMP.SBMS.Web.MultipartBinder" />
                <option name="qualifier" value="TRK" />
              </Resource>
              <Resource>
                <option name="key" value="otp.crm" />
                <option name="name" value="otp-crm" />
                <option name="qualifier" value="TRK" />
              </Resource>
              <Resource>
                <option name="key" value="otp-crm-core" />
                <option name="name" value="otp-crm-core" />
                <option name="qualifier" value="TRK" />
              </Resource>
              <Resource>
                <option name="key" value="otp-crm-test" />
                <option name="name" value="otp-crm-test" />
                <option name="qualifier" value="TRK" />
              </Resource>
              <Resource>
                <option name="key" value="smp.hu" />
                <option name="name" value="smp-hu" />
                <option name="qualifier" value="TRK" />
              </Resource>
            </list>
          </value>
        </entry>
      </map>
    </option>
  </component>
</application>