<application>
  <component name="UpdatesConfigurable">
    <enabledExternalComponentSources>
      <item value="Android SDK" />
    </enabledExternalComponentSources>
    <option name="externalUpdateChannels">
      <map>
        <entry key="Android SDK" value="Stable Channel" />
      </map>
    </option>
    <knownExternalComponentSources>
      <item value="Android SDK" />
    </knownExternalComponentSources>
    <option name="LAST_BUILD_CHECKED" value="RD-193.6494.48" />
    <option name="LAST_TIME_CHECKED" value="1583847642156" />
    <option name="UPDATE_CHANNEL_TYPE" value="eap" />
  </component>
</application>