<application>
  <component name="VSTSSettings">
    <option name="serverContexts">
      <array>
        <ServerContextState>
          <option name="type" value="VSO" />
          <option name="uri" value="https://smpsolutionshu@dev.azure.com/smpsolutionshu/sbms/_git/SMP.SBMS.Data.Base" />
          <option name="serverUri" value="https://dev.azure.com/smpsolutionshu" />
          <option name="userId" value="959802ed-a27d-69d4-988d-64d205ea28f6" />
          <option name="teamProjectCollectionReference" value="{&quot;id&quot;:&quot;9a23c2a9-a3d8-4ec1-b816-67074bd28f91&quot;,&quot;name&quot;:&quot;smpsolutionshu&quot;,&quot;url&quot;:&quot;https://dev.azure.com/smpsolutionshu/_apis/projectCollections/9a23c2a9-a3d8-4ec1-b816-67074bd28f91&quot;}" />
          <option name="teamProjectReference" value="{&quot;abbreviation&quot;:null,&quot;description&quot;:&quot;SMP Building Management System&quot;,&quot;id&quot;:&quot;ae329d78-be2e-433e-9ebf-f108bd37f328&quot;,&quot;name&quot;:&quot;sbms&quot;,&quot;revision&quot;:117,&quot;state&quot;:&quot;NEW&quot;,&quot;url&quot;:&quot;https://dev.azure.com/smpsolutionshu/_apis/projects/ae329d78-be2e-433e-9ebf-f108bd37f328&quot;}" />
          <option name="gitRepository" value="{&quot;defaultBranch&quot;:null,&quot;id&quot;:&quot;6bd944f8-52aa-4e0c-a1bf-0a1890423e7f&quot;,&quot;name&quot;:&quot;SMP.SBMS.Data.Base&quot;,&quot;remoteUrl&quot;:&quot;https://smpsolutionshu@dev.azure.com/smpsolutionshu/sbms/_git/SMP.SBMS.Data.Base&quot;,&quot;url&quot;:&quot;https://dev.azure.com/smpsolutionshu/_apis/git/repositories/6bd944f8-52aa-4e0c-a1bf-0a1890423e7f&quot;,&quot;_links&quot;:null,&quot;project&quot;:{&quot;abbreviation&quot;:null,&quot;description&quot;:&quot;SMP Building Management System&quot;,&quot;id&quot;:&quot;ae329d78-be2e-433e-9ebf-f108bd37f328&quot;,&quot;name&quot;:&quot;sbms&quot;,&quot;revision&quot;:117,&quot;state&quot;:&quot;NEW&quot;,&quot;url&quot;:&quot;https://dev.azure.com/smpsolutionshu/_apis/projects/ae329d78-be2e-433e-9ebf-f108bd37f328&quot;}}" />
        </ServerContextState>
        <ServerContextState>
          <option name="type" value="VSO" />
          <option name="uri" value="https://smpsolutionshu@dev.azure.com/smpsolutionshu/sbms/_git/SMP.SBMS.Floorplan" />
          <option name="serverUri" value="https://dev.azure.com/smpsolutionshu" />
          <option name="userId" value="959802ed-a27d-69d4-988d-64d205ea28f6" />
          <option name="teamProjectCollectionReference" value="{&quot;id&quot;:&quot;9a23c2a9-a3d8-4ec1-b816-67074bd28f91&quot;,&quot;name&quot;:&quot;smpsolutionshu&quot;,&quot;url&quot;:&quot;https://dev.azure.com/smpsolutionshu/_apis/projectCollections/9a23c2a9-a3d8-4ec1-b816-67074bd28f91&quot;}" />
          <option name="teamProjectReference" value="{&quot;abbreviation&quot;:null,&quot;description&quot;:&quot;SMP Building Management System&quot;,&quot;id&quot;:&quot;ae329d78-be2e-433e-9ebf-f108bd37f328&quot;,&quot;name&quot;:&quot;sbms&quot;,&quot;revision&quot;:117,&quot;state&quot;:&quot;NEW&quot;,&quot;url&quot;:&quot;https://dev.azure.com/smpsolutionshu/_apis/projects/ae329d78-be2e-433e-9ebf-f108bd37f328&quot;}" />
          <option name="gitRepository" value="{&quot;defaultBranch&quot;:null,&quot;id&quot;:&quot;7f8c148a-5e81-437a-bee3-e4cc2b6c513d&quot;,&quot;name&quot;:&quot;SMP.SBMS.Floorplan&quot;,&quot;remoteUrl&quot;:&quot;https://smpsolutionshu@dev.azure.com/smpsolutionshu/sbms/_git/SMP.SBMS.Floorplan&quot;,&quot;url&quot;:&quot;https://dev.azure.com/smpsolutionshu/_apis/git/repositories/7f8c148a-5e81-437a-bee3-e4cc2b6c513d&quot;,&quot;_links&quot;:null,&quot;project&quot;:{&quot;abbreviation&quot;:null,&quot;description&quot;:&quot;SMP Building Management System&quot;,&quot;id&quot;:&quot;ae329d78-be2e-433e-9ebf-f108bd37f328&quot;,&quot;name&quot;:&quot;sbms&quot;,&quot;revision&quot;:117,&quot;state&quot;:&quot;NEW&quot;,&quot;url&quot;:&quot;https://dev.azure.com/smpsolutionshu/_apis/projects/ae329d78-be2e-433e-9ebf-f108bd37f328&quot;}}" />
        </ServerContextState>
        <ServerContextState>
          <option name="type" value="VSO" />
          <option name="uri" value="https://smpsolutionshu@dev.azure.com/smpsolutionshu/sbms/_git/SMP.SBMS.Floorplan.Web" />
          <option name="serverUri" value="https://dev.azure.com/smpsolutionshu" />
          <option name="userId" value="959802ed-a27d-69d4-988d-64d205ea28f6" />
          <option name="teamProjectCollectionReference" value="{&quot;id&quot;:&quot;9a23c2a9-a3d8-4ec1-b816-67074bd28f91&quot;,&quot;name&quot;:&quot;smpsolutionshu&quot;,&quot;url&quot;:&quot;https://dev.azure.com/smpsolutionshu/_apis/projectCollections/9a23c2a9-a3d8-4ec1-b816-67074bd28f91&quot;}" />
          <option name="teamProjectReference" value="{&quot;abbreviation&quot;:null,&quot;description&quot;:&quot;SMP Building Management System&quot;,&quot;id&quot;:&quot;ae329d78-be2e-433e-9ebf-f108bd37f328&quot;,&quot;name&quot;:&quot;sbms&quot;,&quot;revision&quot;:117,&quot;state&quot;:&quot;NEW&quot;,&quot;url&quot;:&quot;https://dev.azure.com/smpsolutionshu/_apis/projects/ae329d78-be2e-433e-9ebf-f108bd37f328&quot;}" />
          <option name="gitRepository" value="{&quot;defaultBranch&quot;:null,&quot;id&quot;:&quot;b83f2dcb-6c81-4b6d-aec9-8e922f08fd1e&quot;,&quot;name&quot;:&quot;SMP.SBMS.Floorplan.Web&quot;,&quot;remoteUrl&quot;:&quot;https://smpsolutionshu@dev.azure.com/smpsolutionshu/sbms/_git/SMP.SBMS.Floorplan.Web&quot;,&quot;url&quot;:&quot;https://dev.azure.com/smpsolutionshu/_apis/git/repositories/b83f2dcb-6c81-4b6d-aec9-8e922f08fd1e&quot;,&quot;_links&quot;:null,&quot;project&quot;:{&quot;abbreviation&quot;:null,&quot;description&quot;:&quot;SMP Building Management System&quot;,&quot;id&quot;:&quot;ae329d78-be2e-433e-9ebf-f108bd37f328&quot;,&quot;name&quot;:&quot;sbms&quot;,&quot;revision&quot;:117,&quot;state&quot;:&quot;NEW&quot;,&quot;url&quot;:&quot;https://dev.azure.com/smpsolutionshu/_apis/projects/ae329d78-be2e-433e-9ebf-f108bd37f328&quot;}}" />
        </ServerContextState>
        <ServerContextState>
          <option name="type" value="VSO" />
          <option name="uri" value="https://smpsolutionshu@dev.azure.com/smpsolutionshu/sbms/_git/SMP.SBMS.Web.MultipartBinder" />
          <option name="serverUri" value="https://dev.azure.com/smpsolutionshu" />
          <option name="userId" value="959802ed-a27d-69d4-988d-64d205ea28f6" />
          <option name="teamProjectCollectionReference" value="{&quot;id&quot;:&quot;9a23c2a9-a3d8-4ec1-b816-67074bd28f91&quot;,&quot;name&quot;:&quot;smpsolutionshu&quot;,&quot;url&quot;:&quot;https://dev.azure.com/smpsolutionshu/_apis/projectCollections/9a23c2a9-a3d8-4ec1-b816-67074bd28f91&quot;}" />
          <option name="teamProjectReference" value="{&quot;abbreviation&quot;:null,&quot;description&quot;:&quot;SMP Building Management System&quot;,&quot;id&quot;:&quot;ae329d78-be2e-433e-9ebf-f108bd37f328&quot;,&quot;name&quot;:&quot;sbms&quot;,&quot;revision&quot;:117,&quot;state&quot;:&quot;NEW&quot;,&quot;url&quot;:&quot;https://dev.azure.com/smpsolutionshu/_apis/projects/ae329d78-be2e-433e-9ebf-f108bd37f328&quot;}" />
          <option name="gitRepository" value="{&quot;defaultBranch&quot;:null,&quot;id&quot;:&quot;753c6cf1-8b1e-47b3-ac38-60d488662d0e&quot;,&quot;name&quot;:&quot;SMP.SBMS.Web.MultipartBinder&quot;,&quot;remoteUrl&quot;:&quot;https://smpsolutionshu@dev.azure.com/smpsolutionshu/sbms/_git/SMP.SBMS.Web.MultipartBinder&quot;,&quot;url&quot;:&quot;https://dev.azure.com/smpsolutionshu/_apis/git/repositories/753c6cf1-8b1e-47b3-ac38-60d488662d0e&quot;,&quot;_links&quot;:null,&quot;project&quot;:{&quot;abbreviation&quot;:null,&quot;description&quot;:&quot;SMP Building Management System&quot;,&quot;id&quot;:&quot;ae329d78-be2e-433e-9ebf-f108bd37f328&quot;,&quot;name&quot;:&quot;sbms&quot;,&quot;revision&quot;:117,&quot;state&quot;:&quot;NEW&quot;,&quot;url&quot;:&quot;https://dev.azure.com/smpsolutionshu/_apis/projects/ae329d78-be2e-433e-9ebf-f108bd37f328&quot;}}" />
        </ServerContextState>
      </array>
    </option>
    <option name="properties">
      <array>
        <PropertyState>
          <option name="name" value="lastContextKey" />
          <option name="value" value="//smpsolutionshu@dev.azure.com/smpsolutionshu/sbms/_git/smp.sbms.floorplan.web" />
        </PropertyState>
      </array>
    </option>
  </component>
</application>