<profile version="1.0">
  <option name="myName" value="Default" />
  <inspection_tool class="AbstractClassNamingConvention" enabled="true" level="ERROR" enabled_by_default="true">
    <option name="m_minLength" value="0" />
    <option name="m_maxLength" value="0" />
  </inspection_tool>
  <inspection_tool class="AnnotationNamingConvention" enabled="true" level="ERROR" enabled_by_default="true">
    <option name="m_regex" value="[A-Z][A-Za-z\d]*" />
    <option name="m_minLength" value="0" />
    <option name="m_maxLength" value="0" />
  </inspection_tool>
  <inspection_tool class="AutoCloseableResource" enabled="true" level="WARNING" enabled_by_default="true" />
  <inspection_tool class="BooleanExpressionMayBeConditional" enabled="true" level="WARNING" enabled_by_default="true" />
  <inspection_tool class="BooleanMethodNameMustStartWithQuestion" enabled="true" level="ERROR" enabled_by_default="true">
    <option name="ignoreBooleanMethods" value="false" />
    <option name="ignoreInAnnotationInterface" value="true" />
    <option name="onlyWarnOnBaseMethods" value="true" />
    <option name="questionString" value="add,are,can,check,contains,could,endsWith,equals,has,is,matches,must,put,remove,shall,should,startsWith,was,were,will,would" />
  </inspection_tool>
  <inspection_tool class="BreakStatement" enabled="true" level="WARNING" enabled_by_default="true" />
  <inspection_tool class="BreakStatementWithLabel" enabled="true" level="WARNING" enabled_by_default="true" />
  <inspection_tool class="ChannelResource" enabled="true" level="ERROR" enabled_by_default="true">
    <option name="insideTryAllowed" value="false" />
  </inspection_tool>
  <inspection_tool class="ClassNameSameAsAncestorName" enabled="true" level="ERROR" enabled_by_default="true" />
  <inspection_tool class="ClassNamingConvention" enabled="true" level="ERROR" enabled_by_default="true">
    <option name="m_regex" value="[A-Z][A-Za-z\d]*" />
    <option name="m_minLength" value="0" />
    <option name="m_maxLength" value="0" />
  </inspection_tool>
  <inspection_tool class="ConfusingElse" enabled="true" level="WARNING" enabled_by_default="true">
    <option name="reportWhenNoStatementFollow" value="false" />
  </inspection_tool>
  <inspection_tool class="ConfusingMainMethod" enabled="true" level="ERROR" enabled_by_default="true" />
  <inspection_tool class="ConstantNamingConvention" enabled="true" level="ERROR" enabled_by_default="true">
    <option name="onlyCheckImmutables" value="false" />
    <option name="m_regex" value="[A-Z][A-Z_\d]*" />
    <option name="m_minLength" value="0" />
    <option name="m_maxLength" value="0" />
  </inspection_tool>
  <inspection_tool class="DollarSignInName" enabled="true" level="WARNING" enabled_by_default="true" />
  <inspection_tool class="DriverManagerGetConnection" enabled="true" level="ERROR" enabled_by_default="true" />
  <inspection_tool class="DuplicateBooleanBranch" enabled="true" level="WARNING" enabled_by_default="true" />
  <inspection_tool class="DuplicateCondition" enabled="true" level="WARNING" enabled_by_default="true">
    <option name="ignoreMethodCalls" value="false" />
  </inspection_tool>
  <inspection_tool class="EnumeratedClassNamingConvention" enabled="true" level="ERROR" enabled_by_default="true">
    <option name="m_regex" value="[A-Z][A-Za-z\d]*" />
    <option name="m_minLength" value="0" />
    <option name="m_maxLength" value="0" />
  </inspection_tool>
  <inspection_tool class="EnumeratedConstantNamingConvention" enabled="true" level="ERROR" enabled_by_default="true">
    <option name="m_regex" value="[A-Z][A-Z_\d]*" />
    <option name="m_minLength" value="0" />
    <option name="m_maxLength" value="0" />
  </inspection_tool>
  <inspection_tool class="ExceptionNameDoesntEndWithException" enabled="true" level="ERROR" enabled_by_default="true" />
  <inspection_tool class="HibernateResource" enabled="true" level="ERROR" enabled_by_default="true">
    <option name="insideTryAllowed" value="false" />
  </inspection_tool>
  <inspection_tool class="IOResource" enabled="true" level="ERROR" enabled_by_default="true">
    <option name="ignoredTypesString" value="java.io.ByteArrayOutputStream,java.io.ByteArrayInputStream,java.io.StringBufferInputStream,java.io.CharArrayWriter,java.io.CharArrayReader,java.io.StringWriter,java.io.StringReader" />
    <option name="insideTryAllowed" value="false" />
  </inspection_tool>
  <inspection_tool class="IfMayBeConditional" enabled="true" level="WARNING" enabled_by_default="true" />
  <inspection_tool class="IfStatementWithIdenticalBranches" enabled="true" level="WARNING" enabled_by_default="true" />
  <inspection_tool class="InstanceMethodNamingConvention" enabled="true" level="ERROR" enabled_by_default="true">
    <option name="m_regex" value="[a-z][A-Za-z\d]*" />
    <option name="m_minLength" value="0" />
    <option name="m_maxLength" value="0" />
  </inspection_tool>
  <inspection_tool class="InstanceVariableNamingConvention" enabled="true" level="ERROR" enabled_by_default="true">
    <option name="m_regex" value="[_a-z][A-Za-z\d]*" />
    <option name="m_minLength" value="0" />
    <option name="m_maxLength" value="0" />
  </inspection_tool>
  <inspection_tool class="InterfaceNamingConvention" enabled="true" level="ERROR" enabled_by_default="true">
    <option name="m_regex" value="[A-Z][A-Za-z\d]*" />
    <option name="m_minLength" value="0" />
    <option name="m_maxLength" value="0" />
  </inspection_tool>
  <inspection_tool class="JDBCResource" enabled="true" level="ERROR" enabled_by_default="true">
    <option name="insideTryAllowed" value="false" />
  </inspection_tool>
  <inspection_tool class="JNDIResource" enabled="true" level="ERROR" enabled_by_default="true">
    <option name="insideTryAllowed" value="false" />
  </inspection_tool>
  <inspection_tool class="LambdaParameterNamingConvention" enabled="true" level="ERROR" enabled_by_default="true">
    <option name="m_minLength" value="0" />
    <option name="m_maxLength" value="0" />
  </inspection_tool>
  <inspection_tool class="LambdaUnfriendlyMethodOverload" enabled="true" level="ERROR" enabled_by_default="true" />
  <inspection_tool class="LocalVariableNamingConvention" enabled="true" level="ERROR" enabled_by_default="true">
    <option name="m_ignoreForLoopParameters" value="false" />
    <option name="m_ignoreCatchParameters" value="false" />
    <option name="m_regex" value="[a-z][A-Za-z\d]*" />
    <option name="m_minLength" value="0" />
    <option name="m_maxLength" value="0" />
  </inspection_tool>
  <inspection_tool class="LoggerInitializedWithForeignClass" enabled="false" level="WARNING" enabled_by_default="false">
    <option name="loggerClassName" value="org.apache.log4j.Logger,org.slf4j.LoggerFactory,org.apache.commons.logging.LogFactory,java.util.logging.Logger" />
    <option name="loggerFactoryMethodName" value="getLogger,getLogger,getLog,getLogger" />
  </inspection_tool>
  <inspection_tool class="MethodNameSameAsClassName" enabled="true" level="ERROR" enabled_by_default="true" />
  <inspection_tool class="MethodNameSameAsParentName" enabled="true" level="ERROR" enabled_by_default="true" />
  <inspection_tool class="MisspelledMethodName" enabled="true" level="ERROR" enabled_by_default="true" />
  <inspection_tool class="NativeMethodNamingConvention" enabled="true" level="ERROR" enabled_by_default="true">
    <option name="m_minLength" value="0" />
    <option name="m_maxLength" value="0" />
  </inspection_tool>
  <inspection_tool class="NonBooleanMethodNameMayNotStartWithQuestion" enabled="true" level="ERROR" enabled_by_default="true">
    <option name="questionString" value="add,are,can,check,contains,could,endsWith,equals,has,is,matches,must,put,remove,shall,should,startsWith,was,were,will,would" />
    <option name="ignoreBooleanMethods" value="false" />
    <option name="onlyWarnOnBaseMethods" value="true" />
  </inspection_tool>
  <inspection_tool class="NonExceptionNameEndsWithException" enabled="true" level="ERROR" enabled_by_default="true" />
  <inspection_tool class="OverloadedMethodsWithSameNumberOfParameters" enabled="true" level="ERROR" enabled_by_default="true">
    <option name="ignoreInconvertibleTypes" value="true" />
  </inspection_tool>
  <inspection_tool class="OverloadedVarargsMethod" enabled="true" level="ERROR" enabled_by_default="true" />
  <inspection_tool class="PackageNamingConvention" enabled="true" level="ERROR" enabled_by_default="true">
    <option name="m_regex" value="[-.a-z]*" />
    <option name="m_minLength" value="2" />
    <option name="m_maxLength" value="100" />
  </inspection_tool>
  <inspection_tool class="ParameterNameDiffersFromOverriddenParameter" enabled="true" level="ERROR" enabled_by_default="true">
    <option name="m_ignoreSingleCharacterNames" value="false" />
    <option name="m_ignoreOverridesOfLibraryMethods" value="false" />
  </inspection_tool>
  <inspection_tool class="ParameterNamingConvention" enabled="true" level="ERROR" enabled_by_default="true">
    <option name="m_regex" value="[a-z][A-Za-z\d]*" />
    <option name="m_minLength" value="0" />
    <option name="m_maxLength" value="0" />
  </inspection_tool>
  <inspection_tool class="PointlessIndexOfComparison" enabled="true" level="WARNING" enabled_by_default="true" />
  <inspection_tool class="QuestionableName" enabled="true" level="ERROR" enabled_by_default="true">
    <option name="nameString" value="aa,abc,bad,bar,bar2,baz,baz1,baz2,baz3,bb,blah,bogus,bool,cc,dd,defau1t,dummy,dummy2,ee,fa1se,ff,foo,foo1,foo2,foo3,foobar,four,fred,fred1,fred2,gg,hh,hello,hello1,hello2,hello3,ii,nu11,one,silly,silly2,string,two,that,then,three,whi1e,var" />
  </inspection_tool>
  <inspection_tool class="SizeReplaceableByIsEmpty" enabled="true" level="WARNING" enabled_by_default="true" />
  <inspection_tool class="SocketResource" enabled="true" level="ERROR" enabled_by_default="true">
    <option name="insideTryAllowed" value="false" />
  </inspection_tool>
  <inspection_tool class="StandardVariableNames" enabled="true" level="WARNING" enabled_by_default="true" />
  <inspection_tool class="StaticMethodNamingConvention" enabled="true" level="ERROR" enabled_by_default="true">
    <option name="m_regex" value="[a-z][A-Za-z\d]*" />
    <option name="m_minLength" value="0" />
    <option name="m_maxLength" value="0" />
  </inspection_tool>
  <inspection_tool class="StaticVariableNamingConvention" enabled="true" level="ERROR" enabled_by_default="true">
    <option name="checkMutableFinals" value="false" />
    <option name="m_regex" value="[a-z][A-Za-z\d]*" />
    <option name="m_minLength" value="0" />
    <option name="m_maxLength" value="0" />
  </inspection_tool>
  <inspection_tool class="TypeParameterNamingConvention" enabled="true" level="ERROR" enabled_by_default="true">
    <option name="m_regex" value="[A-Z][A-Za-z\d]*" />
    <option name="m_minLength" value="0" />
    <option name="m_maxLength" value="0" />
  </inspection_tool>
  <inspection_tool class="UpperCaseFieldNameNotConstant" enabled="true" level="ERROR" enabled_by_default="true" />
</profile>